{"stats":{"minecraft:broken":{"minecraft:stone_pickaxe":1,"minecraft:wooden_shovel":1},"minecraft:picked_up":{"minecraft:wooden_axe":1,"minecraft:mud":31,"minecraft:wheat":3,"minecraft:wooden_pickaxe":3,"minecraft:oak_log":132,"minecraft:wooden_hoe":1,"minecraft:dirt":250,"minecraft:moss_carpet":2,"minecraft:bow":1,"minecraft:wheat_seeds":23,"minecraft:iron_ingot":16,"minecraft:stone_pickaxe":4,"minecraft:azalea":2,"minecraft:wooden_shovel":2,"minecraft:moss_block":87,"minecraft:oak_planks":50,"minecraft:stick":8,"minecraft:oak_slab":67,"minecraft:raw_iron":20,"minecraft:torch":6,"minecraft:spruce_sapling":9,"minecraft:white_bed":2,"minecraft:spruce_log":40,"minecraft:stone_shovel":1,"minecraft:stone_axe":4,"minecraft:oak_sapling":9,"minecraft:cod":3,"minecraft:coal":14,"minecraft:cobblestone":76,"minecraft:fishing_rod":1},"minecraft:custom":{"minecraft:interact_with_furnace":15,"minecraft:traded_with_villager":18,"minecraft:interact_with_crafting_table":27,"minecraft:time_since_death":736,"minecraft:sleep_in_bed":1,"minecraft:time_since_rest":788,"minecraft:sprint_one_cm":65589,"minecraft:damage_taken":6172,"minecraft:walk_one_cm":109382,"minecraft:drop":42,"minecraft:damage_dealt":333,"minecraft:talked_to_villager":38,"minecraft:player_kills":6,"minecraft:fly_one_cm":56274,"minecraft:open_chest":82,"minecraft:crouch_one_cm":96269,"minecraft:play_time":83183,"minecraft:deaths":15,"minecraft:sneak_time":31104,"minecraft:jump":336,"minecraft:total_world_time":83183,"minecraft:fish_caught":1,"minecraft:fall_one_cm":27665},"minecraft:killed_by":{"vivilly_dweller:vivilly_dweller":1,"skinwalker_overhaul:skinwalker_overhaul":2,"minecraft:player":1,"screaming_villager:screaming_villager":1,"jacky:jacky":2,"kim_dweller:kim_dweller":1,"mimicer:mimicer":1},"minecraft:dropped":{"minecraft:moss_carpet":1,"minecraft:stone_axe":1,"minecraft:oak_slab":24,"minecraft:moss_block":1,"minecraft:wheat_seeds":12,"minecraft:cooked_chicken":2,"minecraft:oak_log":26,"minecraft:raw_iron":2,"minecraft:oak_planks":16,"minecraft:white_bed":4,"minecraft:cod":1,"minecraft:dirt":24,"minecraft:wooden_axe":3,"minecraft:oak_sapling":1,"minecraft:wooden_shovel":2,"minecraft:bow":1,"minecraft:stone_pickaxe":1,"minecraft:mud":5,"minecraft:wooden_pickaxe":4},"minecraft:used":{"minecraft:oak_fence":18,"minecraft:wheat_seeds":11,"minecraft:moss_block":43,"minecraft:water_bucket":1,"minecraft:moss_carpet":1,"minecraft:stone_pickaxe":132,"minecraft:oak_planks":1,"minecraft:chest":1,"minecraft:wooden_pickaxe":55,"minecraft:wooden_shovel":59,"minecraft:torch":12,"minecraft:dirt":119,"minecraft:oak_slab":149,"minecraft:crafting_table":2,"minecraft:mud":28,"minecraft:wooden_axe":62,"minecraft:wooden_hoe":34,"minecraft:spruce_sapling":4,"minecraft:stone_axe":77,"minecraft:fishing_rod":3,"minecraft:oak_sapling":4,"minecraft:furnace":1,"minecraft:egg":3,"minecraft:potato":4,"minecraft:bone_meal":9},"minecraft:mined":{"minecraft:oak_slab":1,"minecraft:oak_sapling":1,"minecraft:grass_block":159,"minecraft:tall_grass":1,"minecraft:spruce_leaves":63,"minecraft:oak_planks":3,"minecraft:moss_block":94,"minecraft:wall_torch":6,"minecraft:spruce_sapling":2,"minecraft:mud":18,"minecraft:iron_ore":12,"minecraft:wheat":10,"minecraft:fire":3,"minecraft:spruce_log":24,"minecraft:moss_carpet":1,"minecraft:grass":6,"minecraft:coal_ore":11,"minecraft:oak_log":83,"minecraft:dirt":45,"minecraft:azalea":2,"minecraft:stone":56,"minecraft:oak_leaves":55},"minecraft:crafted":{"minecraft:oak_planks":176,"minecraft:oak_slab":138,"minecraft:raw_iron":9,"minecraft:wooden_shovel":2,"minecraft:stone_shovel":1,"minecraft:fishing_rod":3,"minecraft:crafting_table":2,"minecraft:wooden_pickaxe":2,"minecraft:cooked_chicken":4,"minecraft:furnace":1,"minecraft:bone_meal":9,"minecraft:stone_axe":4,"minecraft:potato":4,"minecraft:egg":3,"minecraft:air":0,"minecraft:string":45,"minecraft:bow":2,"minecraft:white_wool":7,"minecraft:wooden_hoe":1,"minecraft:stick":56,"minecraft:iron_ingot":39,"minecraft:stone_pickaxe":1,"minecraft:wooden_axe":3,"minecraft:chest":1,"minecraft:white_bed":2,"minecraft:water_bucket":1,"minecraft:torch":8,"minecraft:oak_fence":21}},"DataVersion":3120}