{"stats":{"minecraft:picked_up":{"minecraft:wooden_axe":1,"minecraft:oak_slab":67,"minecraft:mud":19,"minecraft:raw_iron":4,"minecraft:wooden_pickaxe":2,"minecraft:oak_log":94,"minecraft:dirt":124,"minecraft:wooden_shovel":2,"minecraft:oak_sapling":3,"minecraft:moss_block":40,"minecraft:oak_planks":48},"minecraft:custom":{"minecraft:time_since_rest":1723,"minecraft:sprint_one_cm":11644,"minecraft:damage_taken":1330,"minecraft:walk_one_cm":30132,"minecraft:drop":15,"minecraft:damage_dealt":136,"minecraft:traded_with_villager":2,"minecraft:interact_with_crafting_table":5,"minecraft:talked_to_villager":6,"minecraft:fly_one_cm":9202,"minecraft:player_kills":5,"minecraft:crouch_one_cm":32364,"minecraft:play_time":23183,"minecraft:deaths":5,"minecraft:sneak_time":10080,"minecraft:jump":63,"minecraft:time_since_death":1684,"minecraft:total_world_time":23183,"minecraft:fall_one_cm":687},"minecraft:killed_by":{"minecraft:player":1,"screaming_villager:screaming_villager":1},"minecraft:dropped":{"minecraft:dirt":24,"minecraft:oak_slab":24,"minecraft:moss_block":1,"minecraft:oak_log":26,"minecraft:wooden_axe":2,"minecraft:oak_sapling":1,"minecraft:raw_iron":2,"minecraft:wooden_shovel":2,"minecraft:oak_planks":16,"minecraft:mud":4,"minecraft:wooden_pickaxe":2},"minecraft:used":{"minecraft:moss_block":38,"minecraft:mud":5,"minecraft:wooden_axe":43,"minecraft:wooden_pickaxe":9,"minecraft:wooden_shovel":14,"minecraft:dirt":85,"minecraft:oak_slab":7,"minecraft:crafting_table":2,"minecraft:oak_sapling":1},"minecraft:mined":{"minecraft:oak_slab":1,"minecraft:oak_sapling":1,"minecraft:mud":10,"minecraft:grass_block":103,"minecraft:oak_log":44,"minecraft:dirt":4,"minecraft:spruce_leaves":7,"minecraft:moss_block":46,"minecraft:oak_leaves":9},"minecraft:crafted":{"minecraft:oak_planks":28,"minecraft:raw_iron":2,"minecraft:wooden_shovel":2,"minecraft:crafting_table":2,"minecraft:stick":16,"minecraft:wooden_pickaxe":2,"minecraft:wooden_axe":3}},"DataVersion":3120}