{"stats":{"minecraft:picked_up":{"minecraft:wooden_axe":1,"minecraft:fishing_rod":2,"minecraft:mud":83,"minecraft:wheat":4,"minecraft:clay_ball":76,"minecraft:wooden_pickaxe":3,"gravestone:obituary":2,"minecraft:shield":1,"minecraft:raw_copper":33,"minecraft:moss_carpet":7,"minecraft:iron_axe":1,"minecraft:iron_leggings":1,"minecraft:spruce_planks":32,"minecraft:oak_boat":4,"decayingmobsbackport:eyeball":2,"minecraft:cobblestone_slab":264,"minecraft:azalea":2,"minecraft:wooden_shovel":2,"minecraft:iron_pickaxe":2,"minecraft:chest":2,"minecraft:phantom_membrane":2,"minecraft:egg":3,"minecraft:stick":17,"minecraft:raw_iron":103,"minecraft:oak_fence":1,"minecraft:torch":14,"minecraft:diorite":27,"minecraft:redstone":80,"minecraft:arrow":2,"minecraft:stone_shovel":1,"minecraft:rotten_flesh":2,"minecraft:cod":3,"minecraft:white_wool":1,"minecraft:cobblestone":273,"minecraft:magma_block":5,"minecraft:andesite":36,"minecraft:potato":46,"minecraft:oak_log":227,"minecraft:wooden_hoe":1,"minecraft:dirt":533,"minecraft:bone":1,"minecraft:apple":5,"minecraft:bow":1,"minecraft:wheat_seeds":29,"minecraft:raw_gold":12,"minecraft:iron_ingot":76,"minecraft:stone_pickaxe":8,"minecraft:cooked_chicken":3,"minecraft:moss_block":206,"minecraft:oak_planks":209,"minecraft:oak_slab":135,"minecraft:spruce_sapling":20,"minecraft:white_bed":2,"minecraft:spruce_log":47,"minecraft:stone_axe":9,"minecraft:granite":28,"minecraft:oak_sapling":32,"minecraft:coal":134},"minecraft:killed_by":{"decayingmobsbackport:weeping_chaser":4,"minecraft:player":1,"minecraft:spider":1,"jacky:jacky":7,"the_mangle:the_mangle":3,"decayingmobsbackport:limb_snatcher":3,"facelesssteve:facelesszombie":1,"mimicer:mimicer":1,"man:managgresive":1,"vivilly_dweller:vivilly_dweller":4,"skinwalker_overhaul:skinwalker_overhaul":6,"minecraft:skeleton":1,"screaming_villager:screaming_villager":2,"torture:torture":2,"kim_dweller:kim_dweller":1},"minecraft:mined":{"minecraft:oak_sapling":4,"gravestone:gravestone":6,"minecraft:granite":17,"minecraft:grass_block":315,"minecraft:spruce_leaves":131,"minecraft:moss_block":179,"minecraft:tall_seagrass":3,"minecraft:magma_block":5,"minecraft:redstone_ore":18,"minecraft:spruce_sapling":4,"minecraft:iron_ore":87,"minecraft:fire":11,"minecraft:andesite":37,"minecraft:moss_carpet":3,"minecraft:potatoes":7,"minecraft:cobblestone_slab":6,"minecraft:azalea":2,"minecraft:stone":202,"minecraft:oak_slab":10,"minecraft:oak_fence":1,"minecraft:clay":18,"minecraft:torch":6,"minecraft:chest":1,"minecraft:tall_grass":1,"minecraft:copper_ore":9,"minecraft:oak_planks":41,"minecraft:diorite":17,"minecraft:wall_torch":6,"minecraft:mud":70,"minecraft:wheat":14,"minecraft:spruce_log":31,"minecraft:grass":6,"minecraft:oak_log":158,"minecraft:coal_ore":84,"minecraft:dirt":59,"minecraft:gold_ore":12,"minecraft:oak_leaves":115},"minecraft:dropped":{"minecraft:iron_ingot":58,"minecraft:oak_slab":24,"minecraft:moss_block":2,"minecraft:wheat_seeds":12,"minecraft:oak_log":26,"minecraft:cobblestone":2,"minecraft:cod":1,"minecraft:dirt":24,"minecraft:wooden_axe":3,"minecraft:iron_leggings":1,"gravestone:obituary":9,"minecraft:mud":5,"minecraft:iron_pickaxe":4,"minecraft:fishing_rod":1,"minecraft:spruce_sapling":1,"minecraft:stone_axe":2,"minecraft:moss_carpet":2,"decayingmobsbackport:eyeball":1,"minecraft:cooked_chicken":2,"minecraft:raw_iron":2,"minecraft:oak_planks":16,"minecraft:white_bed":4,"minecraft:cobblestone_slab":147,"minecraft:shield":1,"minecraft:iron_chestplate":1,"minecraft:oak_sapling":1,"minecraft:wooden_shovel":2,"minecraft:bow":1,"minecraft:wooden_pickaxe":4,"minecraft:stone_pickaxe":3},"minecraft:used":{"minecraft:moss_block":48,"minecraft:moss_carpet":3,"minecraft:stone_shovel":126,"minecraft:chest":5,"minecraft:shield":5,"minecraft:iron_sword":24,"minecraft:wooden_shovel":59,"minecraft:torch":21,"minecraft:dirt":131,"minecraft:granite":26,"minecraft:wooden_axe":62,"minecraft:iron_axe":61,"minecraft:magma_block":8,"minecraft:bow":2,"minecraft:oak_sapling":9,"minecraft:furnace":1,"minecraft:egg":6,"minecraft:potato":7,"minecraft:iron_leggings":1,"minecraft:wheat_seeds":11,"minecraft:water_bucket":4,"minecraft:diorite":26,"minecraft:stone_pickaxe":312,"minecraft:oak_planks":617,"minecraft:wooden_pickaxe":55,"minecraft:cobblestone_slab":382,"minecraft:oak_slab":149,"minecraft:crafting_table":2,"minecraft:mud":28,"minecraft:wooden_hoe":34,"minecraft:iron_pickaxe":451,"minecraft:spruce_sapling":5,"minecraft:stone_axe":230,"minecraft:fishing_rod":31,"minecraft:cobblestone":65,"minecraft:andesite":33,"minecraft:bucket":4,"minecraft:oak_boat":5,"minecraft:bone_meal":11,"minecraft:oak_fence":19},"minecraft:crafted":{"minecraft:obsidian":4,"minecraft:oak_planks":876,"minecraft:raw_iron":25,"minecraft:cobblestone_slab":360,"minecraft:stone_shovel":1,"minecraft:fishing_rod":3,"minecraft:cooked_chicken":4,"minecraft:furnace":1,"minecraft:bone_meal":21,"minecraft:potato":22,"minecraft:bow":2,"minecraft:iron_axe":1,"minecraft:stone_pickaxe":3,"minecraft:chest":3,"minecraft:water_bucket":1,"minecraft:oak_fence":21,"minecraft:magma_block":8,"minecraft:oak_slab":138,"minecraft:wooden_shovel":2,"minecraft:crafting_table":2,"minecraft:spruce_planks":224,"minecraft:wooden_pickaxe":2,"minecraft:iron_sword":3,"minecraft:bucket":1,"minecraft:stone_axe":5,"minecraft:egg":3,"minecraft:air":0,"minecraft:oak_boat":2,"minecraft:string":45,"minecraft:white_wool":7,"minecraft:iron_chestplate":2,"minecraft:wooden_hoe":1,"minecraft:cobblestone":112,"minecraft:shield":3,"minecraft:stick":68,"minecraft:gunpowder":40,"minecraft:iron_ingot":132,"minecraft:iron_pickaxe":3,"minecraft:wooden_axe":3,"minecraft:stone_sword":1,"minecraft:iron_leggings":2,"minecraft:white_bed":2,"minecraft:torch":40},"minecraft:custom":{"minecraft:mob_kills":17,"minecraft:interact_with_crafting_table":48,"minecraft:leave_game":2,"minecraft:time_since_death":4746,"minecraft:sprint_one_cm":237906,"minecraft:walk_one_cm":257340,"minecraft:damage_blocked_by_shield":465,"minecraft:drop":74,"minecraft:talked_to_villager":66,"minecraft:play_time":205354,"minecraft:sneak_time":71175,"minecraft:deaths":46,"minecraft:boat_one_cm":26891,"minecraft:jump":1279,"minecraft:total_world_time":205354,"minecraft:interact_with_furnace":35,"minecraft:traded_with_villager":40,"minecraft:sleep_in_bed":1,"minecraft:time_since_rest":4778,"minecraft:damage_taken":15638,"minecraft:damage_dealt":3760,"minecraft:player_kills":6,"minecraft:fly_one_cm":252876,"minecraft:open_chest":227,"minecraft:crouch_one_cm":226238,"minecraft:fish_caught":1,"minecraft:fall_one_cm":37631},"minecraft:killed":{"decayingmobsbackport:limb_snatcher_victim":2,"screaming_villager:screaming_sheep":1,"decayingmobsbackport:victim_villager":1,"decayingmobsbackport:slain_phantom":1,"screaming_villager:screaming_villager":1,"decayingmobsbackport:half_pig":2,"minecraft:creeper":1,"minecraft:zombie":3,"minecraft:villager":1},"minecraft:broken":{"minecraft:wooden_shovel":1,"minecraft:stone_pickaxe":1,"minecraft:iron_pickaxe":1,"minecraft:fishing_rod":1,"minecraft:stone_shovel":1}},"DataVersion":3120}