{"stats":{"minecraft:picked_up":{"minecraft:mud":3,"minecraft:oak_log":31,"minecraft:moss_block":32,"minecraft:oak_planks":16,"minecraft:dirt":71},"minecraft:custom":{"minecraft:time_since_rest":9407,"minecraft:crouch_one_cm":11961,"minecraft:walk_one_cm":4568,"minecraft:play_time":11183,"minecraft:damage_taken":840,"minecraft:deaths":3,"minecraft:sneak_time":3235,"minecraft:drop":1,"minecraft:jump":5,"minecraft:damage_dealt":80,"minecraft:time_since_death":9376,"minecraft:traded_with_villager":2,"minecraft:total_world_time":11183,"minecraft:talked_to_villager":1,"minecraft:interact_with_crafting_table":2,"minecraft:player_kills":5,"minecraft:fall_one_cm":269,"minecraft:fly_one_cm":80},"minecraft:killed_by":{"minecraft:player":1},"minecraft:dropped":{"minecraft:wooden_axe":1},"minecraft:used":{"minecraft:moss_block":26,"minecraft:wooden_axe":2,"minecraft:dirt":24,"minecraft:crafting_table":1},"minecraft:mined":{"minecraft:grass_block":77,"minecraft:oak_log":32,"minecraft:mud":1,"minecraft:moss_block":33},"minecraft:crafted":{"minecraft:oak_planks":28,"minecraft:raw_iron":2,"minecraft:wooden_shovel":1,"minecraft:crafting_table":1,"minecraft:stick":8,"minecraft:wooden_pickaxe":1,"minecraft:wooden_axe":1}},"DataVersion":3120}