{"stats":{"minecraft:broken":{"minecraft:wooden_shovel":1},"minecraft:picked_up":{"minecraft:wooden_axe":1,"minecraft:mud":31,"minecraft:wheat":3,"minecraft:wooden_pickaxe":3,"minecraft:oak_log":122,"minecraft:wooden_hoe":1,"minecraft:dirt":242,"minecraft:moss_carpet":1,"minecraft:wheat_seeds":23,"minecraft:stone_pickaxe":3,"minecraft:azalea":2,"minecraft:wooden_shovel":2,"minecraft:moss_block":77,"minecraft:oak_planks":50,"minecraft:stick":4,"minecraft:oak_slab":67,"minecraft:raw_iron":11,"minecraft:torch":6,"minecraft:spruce_sapling":2,"minecraft:stone_shovel":1,"minecraft:stone_axe":3,"minecraft:oak_sapling":8,"minecraft:coal":4,"minecraft:cobblestone":67},"minecraft:custom":{"minecraft:interact_with_furnace":9,"minecraft:traded_with_villager":13,"minecraft:interact_with_crafting_table":22,"minecraft:time_since_death":5804,"minecraft:time_since_rest":5852,"minecraft:sprint_one_cm":55929,"minecraft:damage_taken":3082,"minecraft:walk_one_cm":97149,"minecraft:drop":35,"minecraft:damage_dealt":313,"minecraft:talked_to_villager":32,"minecraft:player_kills":6,"minecraft:fly_one_cm":49053,"minecraft:open_chest":66,"minecraft:crouch_one_cm":87127,"minecraft:play_time":71183,"minecraft:deaths":12,"minecraft:sneak_time":27743,"minecraft:jump":279,"minecraft:total_world_time":71183,"minecraft:fall_one_cm":1906},"minecraft:killed_by":{"vivilly_dweller:vivilly_dweller":1,"skinwalker_overhaul:skinwalker_overhaul":2,"minecraft:player":1,"screaming_villager:screaming_villager":1,"jacky:jacky":1,"kim_dweller:kim_dweller":1,"mimicer:mimicer":1},"minecraft:dropped":{"minecraft:stone_axe":1,"minecraft:oak_slab":24,"minecraft:moss_block":1,"minecraft:wheat_seeds":12,"minecraft:cooked_chicken":2,"minecraft:oak_log":26,"minecraft:raw_iron":2,"minecraft:oak_planks":16,"minecraft:dirt":24,"minecraft:wooden_axe":3,"minecraft:oak_sapling":1,"minecraft:wooden_shovel":2,"minecraft:stone_pickaxe":1,"minecraft:mud":5,"minecraft:wooden_pickaxe":4},"minecraft:used":{"minecraft:oak_fence":18,"minecraft:wheat_seeds":11,"minecraft:moss_block":41,"minecraft:water_bucket":1,"minecraft:moss_carpet":1,"minecraft:stone_pickaxe":92,"minecraft:oak_planks":1,"minecraft:chest":1,"minecraft:wooden_pickaxe":55,"minecraft:wooden_shovel":59,"minecraft:torch":12,"minecraft:dirt":119,"minecraft:oak_slab":149,"minecraft:crafting_table":2,"minecraft:mud":28,"minecraft:wooden_axe":62,"minecraft:wooden_hoe":34,"minecraft:spruce_sapling":4,"minecraft:stone_axe":15,"minecraft:oak_sapling":4,"minecraft:furnace":1,"minecraft:egg":3,"minecraft:potato":4,"minecraft:bone_meal":9},"minecraft:mined":{"minecraft:oak_slab":1,"minecraft:oak_sapling":1,"minecraft:grass_block":150,"minecraft:tall_grass":1,"minecraft:spruce_leaves":27,"minecraft:oak_planks":3,"minecraft:moss_block":84,"minecraft:wall_torch":5,"minecraft:mud":18,"minecraft:iron_ore":5,"minecraft:wheat":10,"minecraft:fire":3,"minecraft:grass":6,"minecraft:coal_ore":2,"minecraft:oak_log":70,"minecraft:dirt":45,"minecraft:azalea":2,"minecraft:stone":49,"minecraft:oak_leaves":49},"minecraft:crafted":{"minecraft:oak_planks":176,"minecraft:oak_slab":138,"minecraft:raw_iron":9,"minecraft:wooden_shovel":2,"minecraft:stone_shovel":1,"minecraft:crafting_table":2,"minecraft:wooden_pickaxe":2,"minecraft:cooked_chicken":4,"minecraft:furnace":1,"minecraft:bone_meal":9,"minecraft:stone_axe":2,"minecraft:potato":4,"minecraft:egg":3,"minecraft:air":0,"minecraft:wooden_hoe":1,"minecraft:stick":56,"minecraft:iron_ingot":18,"minecraft:stone_pickaxe":1,"minecraft:wooden_axe":3,"minecraft:chest":1,"minecraft:water_bucket":1,"minecraft:torch":8,"minecraft:oak_fence":21}},"DataVersion":3120}