{"stats":{"minecraft:broken":{"minecraft:wooden_shovel":1,"minecraft:stone_pickaxe":1},"minecraft:picked_up":{"minecraft:wooden_axe":1,"minecraft:fishing_rod":1,"minecraft:mud":43,"minecraft:wheat":3,"minecraft:wooden_pickaxe":3,"minecraft:shield":1,"minecraft:moss_carpet":7,"minecraft:iron_leggings":1,"minecraft:azalea":2,"minecraft:wooden_shovel":2,"minecraft:egg":2,"minecraft:stick":17,"minecraft:raw_iron":52,"minecraft:oak_fence":1,"minecraft:torch":6,"minecraft:arrow":2,"minecraft:stone_shovel":1,"minecraft:cod":3,"minecraft:cobblestone":169,"minecraft:potato":8,"minecraft:oak_log":189,"minecraft:wooden_hoe":1,"minecraft:dirt":322,"minecraft:apple":1,"minecraft:bow":1,"minecraft:wheat_seeds":23,"minecraft:iron_ingot":16,"minecraft:stone_pickaxe":7,"minecraft:moss_block":138,"minecraft:oak_planks":186,"minecraft:oak_slab":75,"minecraft:spruce_sapling":16,"minecraft:white_bed":2,"minecraft:spruce_log":47,"minecraft:stone_axe":9,"minecraft:oak_sapling":19,"minecraft:coal":52},"minecraft:killed":{"decayingmobsbackport:limb_snatcher_victim":1},"minecraft:custom":{"minecraft:mob_kills":4,"minecraft:interact_with_crafting_table":34,"minecraft:leave_game":1,"minecraft:time_since_death":2084,"minecraft:sprint_one_cm":124569,"minecraft:walk_one_cm":152024,"minecraft:damage_blocked_by_shield":330,"minecraft:drop":47,"minecraft:talked_to_villager":40,"minecraft:play_time":122177,"minecraft:deaths":29,"minecraft:sneak_time":48580,"minecraft:jump":685,"minecraft:total_world_time":122177,"minecraft:interact_with_furnace":21,"minecraft:traded_with_villager":18,"minecraft:sleep_in_bed":1,"minecraft:time_since_rest":2116,"minecraft:damage_taken":10441,"minecraft:damage_dealt":977,"minecraft:player_kills":6,"minecraft:fly_one_cm":126815,"minecraft:open_chest":120,"minecraft:crouch_one_cm":149151,"minecraft:fish_caught":1,"minecraft:fall_one_cm":29829},"minecraft:killed_by":{"decayingmobsbackport:weeping_chaser":3,"minecraft:player":1,"minecraft:spider":1,"jacky:jacky":4,"the_mangle:the_mangle":1,"decayingmobsbackport:limb_snatcher":1,"facelesssteve:facelesszombie":1,"mimicer:mimicer":1,"vivilly_dweller:vivilly_dweller":1,"skinwalker_overhaul:skinwalker_overhaul":3,"minecraft:skeleton":1,"screaming_villager:screaming_villager":2,"torture:torture":2,"kim_dweller:kim_dweller":1},"minecraft:dropped":{"minecraft:oak_slab":24,"minecraft:moss_block":1,"minecraft:wheat_seeds":12,"minecraft:oak_log":26,"minecraft:cod":1,"minecraft:dirt":24,"minecraft:wooden_axe":3,"minecraft:iron_leggings":1,"minecraft:mud":5,"minecraft:iron_pickaxe":1,"minecraft:spruce_sapling":1,"minecraft:stone_axe":1,"minecraft:moss_carpet":1,"minecraft:cooked_chicken":2,"minecraft:raw_iron":2,"minecraft:oak_planks":16,"minecraft:white_bed":4,"minecraft:shield":1,"minecraft:iron_chestplate":1,"minecraft:wooden_shovel":2,"minecraft:oak_sapling":1,"minecraft:bow":1,"minecraft:wooden_pickaxe":4,"minecraft:stone_pickaxe":1},"minecraft:used":{"minecraft:oak_fence":19,"minecraft:moss_block":46,"minecraft:moss_carpet":3,"minecraft:stone_shovel":31,"minecraft:chest":1,"minecraft:shield":2,"minecraft:iron_sword":2,"minecraft:wooden_shovel":59,"minecraft:torch":14,"minecraft:dirt":123,"minecraft:wooden_axe":62,"minecraft:bow":2,"minecraft:furnace":1,"minecraft:oak_sapling":9,"minecraft:egg":5,"minecraft:potato":7,"minecraft:iron_leggings":1,"minecraft:wheat_seeds":11,"minecraft:water_bucket":1,"minecraft:stone_pickaxe":273,"minecraft:oak_planks":359,"minecraft:wooden_pickaxe":55,"minecraft:oak_slab":149,"minecraft:crafting_table":2,"minecraft:mud":28,"minecraft:wooden_hoe":34,"minecraft:spruce_sapling":5,"minecraft:stone_axe":189,"minecraft:fishing_rod":3,"minecraft:bone_meal":9},"minecraft:mined":{"minecraft:oak_sapling":4,"minecraft:grass_block":200,"minecraft:spruce_leaves":88,"minecraft:moss_block":125,"minecraft:spruce_sapling":4,"minecraft:iron_ore":33,"minecraft:fire":8,"minecraft:moss_carpet":3,"minecraft:potatoes":2,"minecraft:azalea":2,"minecraft:stone":97,"minecraft:oak_slab":10,"minecraft:oak_fence":1,"minecraft:tall_grass":1,"minecraft:oak_planks":12,"minecraft:wall_torch":6,"minecraft:mud":29,"minecraft:wheat":10,"minecraft:spruce_log":31,"minecraft:grass":6,"minecraft:oak_log":126,"minecraft:coal_ore":37,"minecraft:dirt":54,"minecraft:oak_leaves":93},"minecraft:crafted":{"minecraft:oak_planks":620,"minecraft:raw_iron":9,"minecraft:stone_shovel":1,"minecraft:fishing_rod":3,"minecraft:cooked_chicken":4,"minecraft:furnace":1,"minecraft:bone_meal":9,"minecraft:potato":4,"minecraft:bow":2,"minecraft:stone_pickaxe":2,"minecraft:chest":1,"minecraft:water_bucket":1,"minecraft:oak_fence":21,"minecraft:oak_slab":138,"minecraft:wooden_shovel":2,"minecraft:crafting_table":2,"minecraft:spruce_planks":224,"minecraft:wooden_pickaxe":2,"minecraft:iron_sword":1,"minecraft:stone_axe":5,"minecraft:egg":3,"minecraft:air":0,"minecraft:string":45,"minecraft:white_wool":7,"minecraft:iron_chestplate":2,"minecraft:wooden_hoe":1,"minecraft:shield":2,"minecraft:stick":68,"minecraft:iron_ingot":71,"minecraft:iron_pickaxe":1,"minecraft:wooden_axe":3,"minecraft:stone_sword":1,"minecraft:iron_leggings":2,"minecraft:white_bed":2,"minecraft:torch":40}},"DataVersion":3120}