{"stats":{"minecraft:broken":{"minecraft:wooden_shovel":1,"minecraft:stone_pickaxe":1},"minecraft:picked_up":{"minecraft:wooden_axe":1,"minecraft:fishing_rod":1,"minecraft:mud":59,"minecraft:wheat":3,"minecraft:clay_ball":40,"minecraft:wooden_pickaxe":3,"minecraft:shield":1,"minecraft:moss_carpet":7,"minecraft:iron_axe":1,"minecraft:iron_leggings":1,"minecraft:spruce_planks":32,"minecraft:cobblestone_slab":110,"decayingmobsbackport:eyeball":2,"minecraft:azalea":2,"minecraft:wooden_shovel":2,"minecraft:iron_pickaxe":2,"minecraft:egg":3,"minecraft:stick":17,"minecraft:raw_iron":77,"minecraft:oak_fence":1,"minecraft:torch":13,"minecraft:diorite":19,"minecraft:arrow":2,"minecraft:stone_shovel":1,"minecraft:cod":3,"minecraft:cobblestone":212,"minecraft:andesite":11,"minecraft:potato":8,"minecraft:oak_log":207,"minecraft:wooden_hoe":1,"minecraft:dirt":397,"minecraft:bone":1,"minecraft:apple":2,"minecraft:bow":1,"minecraft:wheat_seeds":23,"minecraft:iron_ingot":16,"minecraft:stone_pickaxe":7,"minecraft:moss_block":175,"minecraft:oak_planks":208,"minecraft:oak_slab":123,"minecraft:spruce_sapling":17,"minecraft:white_bed":2,"minecraft:spruce_log":47,"minecraft:stone_axe":9,"minecraft:granite":16,"minecraft:oak_sapling":19,"minecraft:coal":91},"minecraft:killed":{"decayingmobsbackport:limb_snatcher_victim":2,"screaming_villager:screaming_villager":1},"minecraft:custom":{"minecraft:mob_kills":6,"minecraft:interact_with_crafting_table":36,"minecraft:leave_game":1,"minecraft:time_since_death":630,"minecraft:sprint_one_cm":148564,"minecraft:walk_one_cm":173732,"minecraft:damage_blocked_by_shield":330,"minecraft:drop":53,"minecraft:talked_to_villager":48,"minecraft:play_time":146177,"minecraft:deaths":35,"minecraft:sneak_time":57973,"minecraft:jump":879,"minecraft:total_world_time":146177,"minecraft:interact_with_furnace":26,"minecraft:traded_with_villager":31,"minecraft:sleep_in_bed":1,"minecraft:time_since_rest":682,"minecraft:damage_taken":12048,"minecraft:damage_dealt":2005,"minecraft:player_kills":6,"minecraft:fly_one_cm":158018,"minecraft:open_chest":134,"minecraft:crouch_one_cm":176009,"minecraft:fish_caught":1,"minecraft:fall_one_cm":34469},"minecraft:killed_by":{"decayingmobsbackport:weeping_chaser":3,"minecraft:player":1,"minecraft:spider":1,"jacky:jacky":5,"the_mangle:the_mangle":2,"decayingmobsbackport:limb_snatcher":2,"facelesssteve:facelesszombie":1,"mimicer:mimicer":1,"man:managgresive":1,"vivilly_dweller:vivilly_dweller":2,"skinwalker_overhaul:skinwalker_overhaul":3,"minecraft:skeleton":1,"screaming_villager:screaming_villager":2,"torture:torture":2,"kim_dweller:kim_dweller":1},"minecraft:dropped":{"minecraft:oak_slab":24,"minecraft:moss_block":1,"minecraft:wheat_seeds":12,"minecraft:oak_log":26,"minecraft:cobblestone":1,"minecraft:cod":1,"minecraft:dirt":24,"minecraft:wooden_axe":3,"minecraft:iron_leggings":1,"minecraft:mud":5,"minecraft:iron_pickaxe":3,"minecraft:spruce_sapling":1,"minecraft:stone_axe":2,"minecraft:moss_carpet":1,"decayingmobsbackport:eyeball":1,"minecraft:cooked_chicken":2,"minecraft:raw_iron":2,"minecraft:oak_planks":16,"minecraft:white_bed":4,"minecraft:shield":1,"minecraft:iron_chestplate":1,"minecraft:wooden_shovel":2,"minecraft:oak_sapling":1,"minecraft:bow":1,"minecraft:wooden_pickaxe":4,"minecraft:stone_pickaxe":2},"minecraft:used":{"minecraft:oak_fence":19,"minecraft:moss_block":46,"minecraft:moss_carpet":3,"minecraft:stone_shovel":31,"minecraft:chest":1,"minecraft:shield":2,"minecraft:iron_sword":2,"minecraft:wooden_shovel":59,"minecraft:torch":20,"minecraft:dirt":123,"minecraft:wooden_axe":62,"minecraft:iron_axe":26,"minecraft:bow":2,"minecraft:furnace":1,"minecraft:oak_sapling":9,"minecraft:egg":6,"minecraft:potato":7,"minecraft:iron_leggings":1,"minecraft:wheat_seeds":11,"minecraft:water_bucket":1,"minecraft:stone_pickaxe":291,"minecraft:oak_planks":464,"minecraft:wooden_pickaxe":55,"minecraft:cobblestone_slab":209,"minecraft:oak_slab":149,"minecraft:crafting_table":2,"minecraft:mud":28,"minecraft:wooden_hoe":34,"minecraft:iron_pickaxe":201,"minecraft:spruce_sapling":5,"minecraft:stone_axe":230,"minecraft:fishing_rod":7,"minecraft:bone_meal":9},"minecraft:mined":{"minecraft:oak_sapling":4,"minecraft:granite":6,"minecraft:grass_block":241,"minecraft:spruce_leaves":105,"minecraft:moss_block":148,"minecraft:spruce_sapling":4,"minecraft:iron_ore":61,"minecraft:fire":8,"minecraft:andesite":12,"minecraft:moss_carpet":3,"minecraft:potatoes":2,"minecraft:cobblestone_slab":1,"minecraft:azalea":2,"minecraft:stone":140,"minecraft:oak_slab":10,"minecraft:clay":9,"minecraft:oak_fence":1,"minecraft:torch":6,"minecraft:tall_grass":1,"minecraft:oak_planks":38,"minecraft:diorite":9,"minecraft:wall_torch":6,"minecraft:mud":46,"minecraft:wheat":10,"minecraft:spruce_log":31,"minecraft:grass":6,"minecraft:oak_log":140,"minecraft:coal_ore":57,"minecraft:dirt":56,"minecraft:oak_leaves":104},"minecraft:crafted":{"minecraft:oak_planks":672,"minecraft:raw_iron":25,"minecraft:cobblestone_slab":264,"minecraft:stone_shovel":1,"minecraft:fishing_rod":3,"minecraft:cooked_chicken":4,"minecraft:furnace":1,"minecraft:bone_meal":9,"minecraft:potato":4,"minecraft:bow":2,"minecraft:stone_pickaxe":2,"minecraft:chest":1,"minecraft:water_bucket":1,"minecraft:oak_fence":21,"minecraft:oak_slab":138,"minecraft:wooden_shovel":2,"minecraft:crafting_table":2,"minecraft:spruce_planks":224,"minecraft:wooden_pickaxe":2,"minecraft:iron_sword":1,"minecraft:stone_axe":5,"minecraft:egg":3,"minecraft:air":0,"minecraft:string":45,"minecraft:white_wool":7,"minecraft:iron_chestplate":2,"minecraft:wooden_hoe":1,"minecraft:cobblestone":112,"minecraft:shield":2,"minecraft:stick":68,"minecraft:gunpowder":40,"minecraft:iron_ingot":106,"minecraft:iron_pickaxe":1,"minecraft:wooden_axe":3,"minecraft:stone_sword":1,"minecraft:iron_leggings":2,"minecraft:white_bed":2,"minecraft:torch":40}},"DataVersion":3120}