{"stats":{"minecraft:broken":{"minecraft:stone_pickaxe":1,"minecraft:wooden_shovel":1},"minecraft:picked_up":{"minecraft:wooden_axe":1,"minecraft:fishing_rod":1,"minecraft:mud":39,"minecraft:wheat":3,"minecraft:wooden_pickaxe":3,"minecraft:oak_log":159,"minecraft:wooden_hoe":1,"minecraft:dirt":287,"minecraft:moss_carpet":7,"minecraft:bow":1,"minecraft:wheat_seeds":23,"minecraft:iron_ingot":16,"minecraft:stone_pickaxe":6,"minecraft:azalea":2,"minecraft:wooden_shovel":2,"minecraft:moss_block":124,"minecraft:oak_planks":58,"minecraft:egg":1,"minecraft:oak_slab":67,"minecraft:stick":12,"minecraft:raw_iron":40,"minecraft:oak_fence":1,"minecraft:torch":6,"minecraft:spruce_sapling":9,"minecraft:white_bed":2,"minecraft:spruce_log":40,"minecraft:arrow":2,"minecraft:stone_shovel":1,"minecraft:stone_axe":7,"minecraft:oak_sapling":9,"minecraft:cod":3,"minecraft:coal":36,"minecraft:cobblestone":148},"minecraft:custom":{"minecraft:interact_with_furnace":16,"minecraft:traded_with_villager":18,"minecraft:interact_with_crafting_table":29,"minecraft:leave_game":1,"minecraft:time_since_death":0,"minecraft:sleep_in_bed":1,"minecraft:time_since_rest":14,"minecraft:sprint_one_cm":88943,"minecraft:damage_taken":8175,"minecraft:walk_one_cm":124960,"minecraft:drop":43,"minecraft:damage_dealt":633,"minecraft:fly_one_cm":86627,"minecraft:talked_to_villager":39,"minecraft:player_kills":6,"minecraft:open_chest":91,"minecraft:crouch_one_cm":124337,"minecraft:play_time":98177,"minecraft:deaths":22,"minecraft:sneak_time":38675,"minecraft:jump":501,"minecraft:total_world_time":98177,"minecraft:fish_caught":1,"minecraft:fall_one_cm":28870},"minecraft:killed_by":{"decayingmobsbackport:weeping_chaser":3,"vivilly_dweller:vivilly_dweller":1,"skinwalker_overhaul:skinwalker_overhaul":2,"minecraft:player":1,"minecraft:skeleton":1,"screaming_villager:screaming_villager":2,"torture:torture":1,"jacky:jacky":2,"kim_dweller:kim_dweller":1,"facelesssteve:facelesszombie":1,"mimicer:mimicer":1},"minecraft:dropped":{"minecraft:moss_carpet":1,"minecraft:stone_axe":1,"minecraft:oak_slab":24,"minecraft:moss_block":1,"minecraft:wheat_seeds":12,"minecraft:cooked_chicken":2,"minecraft:oak_log":26,"minecraft:raw_iron":2,"minecraft:oak_planks":16,"minecraft:white_bed":4,"minecraft:cod":1,"minecraft:dirt":24,"minecraft:shield":1,"minecraft:wooden_axe":3,"minecraft:oak_sapling":1,"minecraft:wooden_shovel":2,"minecraft:bow":1,"minecraft:mud":5,"minecraft:stone_pickaxe":1,"minecraft:wooden_pickaxe":4},"minecraft:used":{"minecraft:moss_block":43,"minecraft:wheat_seeds":11,"minecraft:moss_carpet":3,"minecraft:water_bucket":1,"minecraft:stone_pickaxe":184,"minecraft:oak_planks":281,"minecraft:chest":1,"minecraft:wooden_pickaxe":55,"minecraft:wooden_shovel":59,"minecraft:torch":12,"minecraft:dirt":119,"minecraft:oak_slab":149,"minecraft:crafting_table":2,"minecraft:wooden_axe":62,"minecraft:mud":28,"minecraft:wooden_hoe":34,"minecraft:spruce_sapling":4,"minecraft:stone_axe":111,"minecraft:fishing_rod":3,"minecraft:oak_sapling":4,"minecraft:furnace":1,"minecraft:egg":4,"minecraft:potato":4,"minecraft:bone_meal":9,"minecraft:oak_fence":19},"minecraft:mined":{"minecraft:oak_slab":1,"minecraft:oak_sapling":1,"minecraft:oak_fence":1,"minecraft:grass_block":171,"minecraft:tall_grass":1,"minecraft:spruce_leaves":69,"minecraft:moss_block":103,"minecraft:oak_planks":12,"minecraft:wall_torch":6,"minecraft:spruce_sapling":2,"minecraft:mud":22,"minecraft:iron_ore":18,"minecraft:fire":3,"minecraft:wheat":10,"minecraft:spruce_log":24,"minecraft:moss_carpet":3,"minecraft:grass":6,"minecraft:coal_ore":18,"minecraft:oak_log":95,"minecraft:dirt":45,"minecraft:azalea":2,"minecraft:stone":74,"minecraft:oak_leaves":57},"minecraft:crafted":{"minecraft:oak_planks":460,"minecraft:oak_slab":138,"minecraft:raw_iron":9,"minecraft:wooden_shovel":2,"minecraft:stone_shovel":1,"minecraft:fishing_rod":3,"minecraft:crafting_table":2,"minecraft:wooden_pickaxe":2,"minecraft:cooked_chicken":4,"minecraft:furnace":1,"minecraft:bone_meal":9,"minecraft:stone_axe":4,"minecraft:potato":4,"minecraft:egg":3,"minecraft:air":0,"minecraft:string":45,"minecraft:bow":2,"minecraft:white_wool":7,"minecraft:wooden_hoe":1,"minecraft:shield":2,"minecraft:stick":56,"minecraft:iron_ingot":43,"minecraft:stone_pickaxe":1,"minecraft:wooden_axe":3,"minecraft:chest":1,"minecraft:white_bed":2,"minecraft:water_bucket":1,"minecraft:torch":8,"minecraft:oak_fence":21}},"DataVersion":3120}