{"stats":{"minecraft:picked_up":{"minecraft:wooden_axe":1,"minecraft:mud":28,"minecraft:wheat":3,"minecraft:wooden_pickaxe":3,"minecraft:oak_log":113,"minecraft:dirt":226,"minecraft:moss_carpet":1,"minecraft:wheat_seeds":10,"minecraft:stone_pickaxe":1,"minecraft:azalea":1,"minecraft:wooden_shovel":2,"minecraft:moss_block":71,"minecraft:oak_planks":48,"minecraft:stick":4,"minecraft:oak_slab":67,"minecraft:raw_iron":4,"minecraft:spruce_sapling":2,"minecraft:oak_sapling":4,"minecraft:cobblestone":49},"minecraft:custom":{"minecraft:interact_with_furnace":5,"minecraft:traded_with_villager":12,"minecraft:interact_with_crafting_table":18,"minecraft:time_since_death":3423,"minecraft:time_since_rest":3452,"minecraft:sprint_one_cm":27729,"minecraft:damage_taken":2136,"minecraft:walk_one_cm":63046,"minecraft:drop":20,"minecraft:damage_dealt":272,"minecraft:talked_to_villager":23,"minecraft:player_kills":6,"minecraft:fly_one_cm":22602,"minecraft:open_chest":36,"minecraft:crouch_one_cm":59899,"minecraft:play_time":47183,"minecraft:deaths":8,"minecraft:sneak_time":20376,"minecraft:jump":153,"minecraft:total_world_time":47183,"minecraft:fall_one_cm":687},"minecraft:killed_by":{"vivilly_dweller:vivilly_dweller":1,"skinwalker_overhaul:skinwalker_overhaul":1,"minecraft:player":1,"screaming_villager:screaming_villager":1},"minecraft:dropped":{"minecraft:oak_slab":24,"minecraft:moss_block":1,"minecraft:cooked_chicken":2,"minecraft:oak_log":26,"minecraft:raw_iron":2,"minecraft:oak_planks":16,"minecraft:dirt":24,"minecraft:wooden_axe":3,"minecraft:oak_sapling":1,"minecraft:wooden_shovel":2,"minecraft:mud":4,"minecraft:wooden_pickaxe":4},"minecraft:used":{"minecraft:wheat_seeds":3,"minecraft:moss_block":39,"minecraft:water_bucket":1,"minecraft:moss_carpet":1,"minecraft:stone_pickaxe":74,"minecraft:chest":1,"minecraft:wooden_pickaxe":55,"minecraft:wooden_shovel":49,"minecraft:dirt":106,"minecraft:oak_slab":77,"minecraft:crafting_table":2,"minecraft:mud":5,"minecraft:wooden_axe":62,"minecraft:wooden_hoe":1,"minecraft:stone_axe":6,"minecraft:oak_sapling":1,"minecraft:furnace":1,"minecraft:bone_meal":9},"minecraft:mined":{"minecraft:oak_slab":1,"minecraft:oak_sapling":1,"minecraft:grass_block":139,"minecraft:tall_grass":1,"minecraft:spruce_leaves":23,"minecraft:oak_planks":3,"minecraft:moss_block":81,"minecraft:mud":16,"minecraft:wheat":3,"minecraft:fire":3,"minecraft:grass":6,"minecraft:oak_log":61,"minecraft:dirt":45,"minecraft:azalea":1,"minecraft:stone":45,"minecraft:oak_leaves":24},"minecraft:crafted":{"minecraft:oak_planks":156,"minecraft:oak_slab":138,"minecraft:raw_iron":9,"minecraft:wooden_shovel":2,"minecraft:crafting_table":2,"minecraft:wooden_pickaxe":2,"minecraft:cooked_chicken":4,"minecraft:furnace":1,"minecraft:bone_meal":9,"minecraft:stone_axe":2,"minecraft:egg":3,"minecraft:air":0,"minecraft:wooden_hoe":1,"minecraft:stick":52,"minecraft:iron_ingot":5,"minecraft:stone_pickaxe":1,"minecraft:wooden_axe":3,"minecraft:chest":1,"minecraft:water_bucket":1}},"DataVersion":3120}