{"stats":{"minecraft:broken":{"minecraft:wooden_shovel":1},"minecraft:picked_up":{"minecraft:wooden_axe":1,"minecraft:mud":29,"minecraft:wheat":3,"minecraft:wooden_pickaxe":3,"minecraft:oak_log":116,"minecraft:dirt":235,"minecraft:moss_carpet":1,"minecraft:wheat_seeds":23,"minecraft:stone_pickaxe":2,"minecraft:azalea":1,"minecraft:wooden_shovel":2,"minecraft:moss_block":71,"minecraft:oak_planks":48,"minecraft:stick":4,"minecraft:oak_slab":67,"minecraft:raw_iron":7,"minecraft:spruce_sapling":2,"minecraft:stone_axe":2,"minecraft:oak_sapling":8,"minecraft:coal":1,"minecraft:cobblestone":57},"minecraft:custom":{"minecraft:interact_with_furnace":6,"minecraft:traded_with_villager":13,"minecraft:interact_with_crafting_table":21,"minecraft:time_since_death":15423,"minecraft:time_since_rest":15452,"minecraft:sprint_one_cm":42300,"minecraft:damage_taken":2136,"minecraft:walk_one_cm":80427,"minecraft:drop":35,"minecraft:damage_dealt":272,"minecraft:talked_to_villager":31,"minecraft:player_kills":6,"minecraft:fly_one_cm":34377,"minecraft:open_chest":52,"minecraft:crouch_one_cm":78905,"minecraft:play_time":59183,"minecraft:deaths":8,"minecraft:sneak_time":25474,"minecraft:jump":213,"minecraft:total_world_time":59183,"minecraft:fall_one_cm":1430},"minecraft:killed_by":{"vivilly_dweller:vivilly_dweller":1,"skinwalker_overhaul:skinwalker_overhaul":1,"minecraft:player":1,"screaming_villager:screaming_villager":1},"minecraft:dropped":{"minecraft:stone_axe":1,"minecraft:oak_slab":24,"minecraft:moss_block":1,"minecraft:wheat_seeds":12,"minecraft:cooked_chicken":2,"minecraft:oak_log":26,"minecraft:raw_iron":2,"minecraft:oak_planks":16,"minecraft:dirt":24,"minecraft:wooden_axe":3,"minecraft:oak_sapling":1,"minecraft:wooden_shovel":2,"minecraft:stone_pickaxe":1,"minecraft:mud":5,"minecraft:wooden_pickaxe":4},"minecraft:used":{"minecraft:oak_fence":18,"minecraft:wheat_seeds":11,"minecraft:moss_block":39,"minecraft:water_bucket":1,"minecraft:moss_carpet":1,"minecraft:stone_pickaxe":74,"minecraft:chest":1,"minecraft:wooden_pickaxe":55,"minecraft:wooden_shovel":59,"minecraft:torch":2,"minecraft:dirt":119,"minecraft:oak_slab":138,"minecraft:crafting_table":2,"minecraft:mud":28,"minecraft:wooden_axe":62,"minecraft:wooden_hoe":34,"minecraft:stone_axe":8,"minecraft:oak_sapling":4,"minecraft:furnace":1,"minecraft:egg":3,"minecraft:potato":4,"minecraft:bone_meal":9},"minecraft:mined":{"minecraft:oak_slab":1,"minecraft:oak_sapling":1,"minecraft:grass_block":146,"minecraft:tall_grass":1,"minecraft:spruce_leaves":25,"minecraft:oak_planks":3,"minecraft:moss_block":81,"minecraft:mud":16,"minecraft:wheat":10,"minecraft:fire":3,"minecraft:grass":6,"minecraft:oak_log":63,"minecraft:dirt":45,"minecraft:azalea":1,"minecraft:stone":45,"minecraft:oak_leaves":47},"minecraft:crafted":{"minecraft:oak_planks":176,"minecraft:oak_slab":138,"minecraft:raw_iron":9,"minecraft:wooden_shovel":2,"minecraft:stone_shovel":1,"minecraft:crafting_table":2,"minecraft:wooden_pickaxe":2,"minecraft:cooked_chicken":4,"minecraft:furnace":1,"minecraft:bone_meal":9,"minecraft:stone_axe":2,"minecraft:potato":4,"minecraft:egg":3,"minecraft:air":0,"minecraft:wooden_hoe":1,"minecraft:stick":56,"minecraft:iron_ingot":5,"minecraft:stone_pickaxe":1,"minecraft:wooden_axe":3,"minecraft:chest":1,"minecraft:water_bucket":1,"minecraft:torch":4,"minecraft:oak_fence":21}},"DataVersion":3120}