{"stats":{"minecraft:picked_up":{"minecraft:wooden_axe":1,"minecraft:oak_slab":67,"minecraft:mud":27,"minecraft:raw_iron":4,"minecraft:wooden_pickaxe":3,"minecraft:spruce_sapling":2,"minecraft:oak_log":110,"minecraft:moss_carpet":1,"minecraft:dirt":161,"minecraft:wheat_seeds":1,"minecraft:azalea":1,"minecraft:wooden_shovel":2,"minecraft:oak_sapling":4,"minecraft:moss_block":63,"minecraft:oak_planks":48,"minecraft:cobblestone":32},"minecraft:custom":{"minecraft:time_since_rest":1245,"minecraft:sprint_one_cm":14776,"minecraft:damage_taken":1630,"minecraft:walk_one_cm":46785,"minecraft:drop":20,"minecraft:damage_dealt":241,"minecraft:traded_with_villager":7,"minecraft:interact_with_crafting_table":14,"minecraft:talked_to_villager":11,"minecraft:fly_one_cm":13477,"minecraft:player_kills":5,"minecraft:open_chest":16,"minecraft:crouch_one_cm":45430,"minecraft:play_time":35183,"minecraft:deaths":6,"minecraft:sneak_time":15928,"minecraft:jump":94,"minecraft:time_since_death":1201,"minecraft:total_world_time":35183,"minecraft:fall_one_cm":687},"minecraft:killed_by":{"vivilly_dweller:vivilly_dweller":1,"minecraft:player":1,"screaming_villager:screaming_villager":1},"minecraft:dropped":{"minecraft:dirt":24,"minecraft:oak_slab":24,"minecraft:moss_block":1,"minecraft:cooked_chicken":2,"minecraft:oak_log":26,"minecraft:wooden_axe":3,"minecraft:oak_sapling":1,"minecraft:raw_iron":2,"minecraft:wooden_shovel":2,"minecraft:oak_planks":16,"minecraft:mud":4,"minecraft:wooden_pickaxe":4},"minecraft:used":{"minecraft:moss_block":39,"minecraft:mud":5,"minecraft:wooden_axe":62,"minecraft:moss_carpet":1,"minecraft:stone_pickaxe":34,"minecraft:chest":1,"minecraft:wooden_pickaxe":55,"minecraft:wooden_shovel":31,"minecraft:dirt":96,"minecraft:oak_slab":34,"minecraft:crafting_table":2,"minecraft:oak_sapling":1,"minecraft:bone_meal":2},"minecraft:mined":{"minecraft:oak_slab":1,"minecraft:oak_sapling":1,"minecraft:mud":15,"minecraft:grass":6,"minecraft:grass_block":130,"minecraft:oak_log":58,"minecraft:dirt":18,"minecraft:tall_grass":1,"minecraft:azalea":1,"minecraft:spruce_leaves":18,"minecraft:stone":29,"minecraft:moss_block":73,"minecraft:oak_leaves":19},"minecraft:crafted":{"minecraft:oak_slab":30,"minecraft:oak_planks":56,"minecraft:raw_iron":2,"minecraft:wooden_shovel":2,"minecraft:crafting_table":2,"minecraft:cooked_chicken":4,"minecraft:stick":52,"minecraft:wooden_pickaxe":2,"minecraft:stone_pickaxe":1,"minecraft:wooden_axe":3,"minecraft:chest":1,"minecraft:bone_meal":9,"minecraft:stone_axe":1,"minecraft:air":0}},"DataVersion":3120}