{"stats":{"minecraft:broken":{"minecraft:stone_pickaxe":2,"minecraft:wooden_pickaxe":1},"minecraft:picked_up":{"minecraft:wooden_axe":3,"minecraft:mud":54,"minecraft:iron_chestplate":2,"minecraft:clay_ball":4,"minecraft:andesite":2,"minecraft:wooden_pickaxe":3,"minecraft:oak_log":99,"minecraft:shield":2,"minecraft:dirt":188,"minecraft:string":4,"minecraft:moss_carpet":6,"minecraft:iron_leggings":1,"minecraft:bone":4,"minecraft:bow":1,"minecraft:wheat_seeds":6,"minecraft:iron_ingot":16,"decayingmobsbackport:eyeball":1,"minecraft:stone_pickaxe":4,"minecraft:cooked_chicken":4,"minecraft:iron_pickaxe":2,"minecraft:azalea":2,"minecraft:wooden_shovel":1,"minecraft:moss_block":98,"minecraft:oak_planks":17,"minecraft:egg":2,"minecraft:oak_slab":4,"minecraft:stick":14,"minecraft:raw_iron":52,"minecraft:torch":2,"minecraft:spruce_sapling":22,"minecraft:diorite":4,"minecraft:white_bed":4,"minecraft:spruce_log":38,"minecraft:rotten_flesh":3,"minecraft:slime_ball":1,"minecraft:stone_axe":7,"minecraft:granite":1,"minecraft:oak_sapling":8,"minecraft:cod":1,"minecraft:coal":58,"minecraft:cobblestone":188},"minecraft:killed":{"minecraft:spider":2,"decayingmobsbackport:half_pig":1,"decayingmobsbackport:eye":1,"minecraft:creeper":1,"decayingmobsbackport:hunted_zombie":1,"facelesssteve:facelesszombie":1,"decayingmobsbackport:limb_snatcher_victim":1},"minecraft:custom":{"minecraft:interact_with_furnace":9,"minecraft:mob_kills":10,"minecraft:traded_with_villager":2,"minecraft:interact_with_crafting_table":18,"minecraft:leave_game":3,"minecraft:time_since_death":3999,"minecraft:sleep_in_bed":1,"minecraft:time_since_rest":4057,"minecraft:sprint_one_cm":282974,"minecraft:damage_taken":12048,"minecraft:walk_one_cm":200296,"minecraft:damage_blocked_by_shield":150,"minecraft:drop":14,"minecraft:damage_dealt":1007,"minecraft:talked_to_villager":25,"minecraft:fly_one_cm":309439,"minecraft:player_kills":1,"minecraft:open_chest":111,"minecraft:crouch_one_cm":116602,"minecraft:play_time":120147,"minecraft:deaths":37,"minecraft:sneak_time":41007,"minecraft:jump":1255,"minecraft:total_world_time":120147,"minecraft:fall_one_cm":60937},"minecraft:killed_by":{"decayingmobsbackport:weeping_chaser":4,"skinwalker_overhaul:skinwalker_overhaul":4,"minecraft:player":6,"screaming_villager:screaming_villager":1,"torture:torture":2,"jacky:jacky":1,"kim_dweller:kim_dweller":2,"the_mangle:the_mangle":4,"decayingmobsbackport:limb_snatcher":2,"facelesssteve:facelesszombie":1},"minecraft:dropped":{"minecraft:iron_ingot":16,"minecraft:stone_axe":1,"minecraft:oak_slab":24,"decayingmobsbackport:eyeball":1,"minecraft:oak_log":1,"minecraft:raw_iron":1,"minecraft:oak_planks":16,"minecraft:cod":1,"minecraft:stick":1,"minecraft:dirt":23,"minecraft:iron_axe":1,"minecraft:mud":1,"minecraft:stone_pickaxe":1},"minecraft:used":{"minecraft:moss_block":41,"minecraft:azalea":3,"minecraft:moss_carpet":3,"minecraft:stone_shovel":5,"minecraft:stone_pickaxe":421,"minecraft:oak_planks":104,"minecraft:wooden_pickaxe":4,"minecraft:chest":1,"minecraft:shield":1,"minecraft:cooked_chicken":1,"minecraft:iron_chestplate":2,"minecraft:torch":20,"minecraft:dirt":54,"minecraft:oak_slab":26,"minecraft:white_bed":3,"minecraft:spruce_log":5,"minecraft:wooden_axe":18,"minecraft:oak_log":2,"minecraft:mud":13,"minecraft:iron_axe":7,"minecraft:iron_pickaxe":52,"minecraft:spruce_sapling":12,"minecraft:stone_axe":154,"minecraft:cobblestone":9,"minecraft:bow":1,"minecraft:oak_sapling":5,"minecraft:oak_boat":1,"minecraft:egg":2,"minecraft:iron_leggings":1},"minecraft:mined":{"minecraft:oak_slab":6,"minecraft:white_bed":1,"minecraft:clay":1,"minecraft:torch":1,"minecraft:granite":1,"minecraft:grass_block":166,"minecraft:spruce_leaves":85,"minecraft:moss_block":109,"minecraft:oak_planks":13,"minecraft:diorite":4,"minecraft:spruce_sapling":1,"minecraft:mud":51,"minecraft:iron_ore":42,"minecraft:fire":9,"minecraft:spruce_log":38,"minecraft:andesite":2,"minecraft:moss_carpet":7,"minecraft:oak_log":96,"minecraft:coal_ore":52,"minecraft:dirt":13,"minecraft:azalea":2,"minecraft:stone":202,"minecraft:oak_leaves":68},"minecraft:crafted":{"minecraft:oak_planks":144,"minecraft:oak_slab":48,"minecraft:stone_axe":5,"minecraft:oak_boat":1,"minecraft:iron_axe":2,"minecraft:stick":40,"minecraft:stone_pickaxe":8,"minecraft:chest":1,"minecraft:torch":20,"minecraft:carrot":8}},"DataVersion":3120}