{"stats":{"minecraft:broken":{"minecraft:wooden_pickaxe":1,"minecraft:stone_pickaxe":1},"minecraft:picked_up":{"minecraft:wooden_axe":3,"minecraft:mud":33,"minecraft:wooden_pickaxe":3,"minecraft:oak_log":59,"minecraft:spruce_sapling":5,"minecraft:dirt":99,"minecraft:moss_carpet":4,"minecraft:stone_axe":2,"minecraft:wheat_seeds":6,"minecraft:stone_pickaxe":2,"minecraft:cooked_chicken":4,"minecraft:azalea":2,"minecraft:wooden_shovel":1,"minecraft:oak_sapling":2,"minecraft:moss_block":55,"minecraft:raw_iron":3,"minecraft:oak_planks":7,"minecraft:coal":9,"minecraft:cobblestone":83,"minecraft:oak_slab":1},"minecraft:custom":{"minecraft:time_since_rest":2821,"minecraft:sprint_one_cm":92017,"minecraft:damage_taken":6276,"minecraft:walk_one_cm":81625,"minecraft:mob_kills":1,"minecraft:drop":4,"minecraft:damage_dealt":48,"minecraft:talked_to_villager":16,"minecraft:interact_with_crafting_table":8,"minecraft:fly_one_cm":89861,"minecraft:player_kills":1,"minecraft:open_chest":32,"minecraft:crouch_one_cm":68500,"minecraft:play_time":53186,"minecraft:deaths":16,"minecraft:sneak_time":23561,"minecraft:jump":361,"minecraft:leave_game":1,"minecraft:time_since_death":2791,"minecraft:total_world_time":53186,"minecraft:fall_one_cm":36852,"minecraft:interact_with_furnace":2},"minecraft:killed_by":{"skinwalker_overhaul:skinwalker_overhaul":2,"minecraft:player":6,"kim_dweller:kim_dweller":1,"the_mangle:the_mangle":2,"torture:torture":1},"minecraft:dropped":{"minecraft:dirt":2,"minecraft:oak_slab":24,"minecraft:oak_planks":16,"minecraft:mud":1},"minecraft:used":{"minecraft:azalea":3,"minecraft:oak_log":2,"minecraft:moss_block":22,"minecraft:mud":12,"minecraft:wooden_axe":18,"minecraft:moss_carpet":2,"minecraft:stone_pickaxe":203,"minecraft:oak_planks":35,"minecraft:chest":1,"minecraft:wooden_pickaxe":4,"minecraft:torch":8,"minecraft:stone_axe":56,"minecraft:dirt":39,"minecraft:cobblestone":9,"minecraft:oak_slab":25,"minecraft:oak_sapling":1},"minecraft:mined":{"minecraft:oak_slab":2,"minecraft:mud":34,"minecraft:iron_ore":6,"minecraft:fire":8,"minecraft:moss_carpet":5,"minecraft:coal_ore":10,"minecraft:oak_log":61,"minecraft:grass_block":104,"minecraft:dirt":8,"minecraft:azalea":2,"minecraft:spruce_leaves":33,"minecraft:stone":96,"minecraft:oak_planks":1,"minecraft:moss_block":65,"minecraft:oak_leaves":42},"minecraft:crafted":{"minecraft:oak_slab":48,"minecraft:oak_planks":116,"minecraft:stick":32,"minecraft:stone_pickaxe":4,"minecraft:chest":1,"minecraft:torch":8,"minecraft:stone_axe":3}},"DataVersion":3120}