{"stats":{"minecraft:broken":{"minecraft:stone_pickaxe":2,"minecraft:wooden_pickaxe":1},"minecraft:picked_up":{"minecraft:wooden_axe":3,"minecraft:mud":41,"minecraft:wooden_pickaxe":3,"minecraft:oak_log":78,"minecraft:dirt":128,"minecraft:moss_carpet":5,"minecraft:bow":1,"minecraft:wheat_seeds":6,"minecraft:iron_ingot":16,"minecraft:stone_pickaxe":3,"minecraft:cooked_chicken":4,"minecraft:azalea":2,"minecraft:wooden_shovel":1,"minecraft:moss_block":72,"minecraft:oak_planks":15,"minecraft:egg":1,"minecraft:oak_slab":1,"minecraft:raw_iron":23,"minecraft:stick":6,"minecraft:spruce_sapling":11,"minecraft:white_bed":3,"minecraft:stone_axe":3,"minecraft:oak_sapling":2,"minecraft:cod":1,"minecraft:coal":24,"minecraft:cobblestone":126},"minecraft:custom":{"minecraft:interact_with_furnace":6,"minecraft:mob_kills":1,"minecraft:interact_with_crafting_table":10,"minecraft:leave_game":1,"minecraft:time_since_death":692,"minecraft:sleep_in_bed":1,"minecraft:time_since_rest":793,"minecraft:sprint_one_cm":148973,"minecraft:damage_taken":7968,"minecraft:walk_one_cm":120092,"minecraft:drop":7,"minecraft:damage_dealt":48,"minecraft:talked_to_villager":20,"minecraft:fly_one_cm":181268,"minecraft:player_kills":1,"minecraft:open_chest":56,"minecraft:crouch_one_cm":85203,"minecraft:play_time":77186,"minecraft:deaths":22,"minecraft:sneak_time":29787,"minecraft:jump":715,"minecraft:total_world_time":77186,"minecraft:fall_one_cm":50709},"minecraft:killed_by":{"skinwalker_overhaul:skinwalker_overhaul":3,"minecraft:player":6,"torture:torture":2,"jacky:jacky":1,"the_mangle:the_mangle":3,"kim_dweller:kim_dweller":1},"minecraft:used":{"minecraft:azalea":3,"minecraft:moss_block":22,"minecraft:moss_carpet":3,"minecraft:stone_pickaxe":326,"minecraft:oak_planks":86,"minecraft:chest":1,"minecraft:wooden_pickaxe":4,"minecraft:cooked_chicken":1,"minecraft:torch":8,"minecraft:dirt":44,"minecraft:oak_slab":25,"minecraft:white_bed":3,"minecraft:oak_log":2,"minecraft:mud":13,"minecraft:wooden_axe":18,"minecraft:spruce_sapling":3,"minecraft:stone_axe":91,"minecraft:cobblestone":9,"minecraft:oak_sapling":1,"minecraft:egg":1},"minecraft:dropped":{"minecraft:iron_ingot":16,"minecraft:oak_slab":24,"minecraft:oak_planks":16,"minecraft:cod":1,"minecraft:stick":1,"minecraft:dirt":2,"minecraft:mud":1},"minecraft:mined":{"minecraft:oak_slab":2,"minecraft:white_bed":1,"minecraft:grass_block":132,"minecraft:spruce_leaves":61,"minecraft:moss_block":84,"minecraft:oak_planks":9,"minecraft:mud":42,"minecraft:iron_ore":25,"minecraft:fire":8,"minecraft:moss_carpet":6,"minecraft:oak_log":77,"minecraft:coal_ore":26,"minecraft:dirt":10,"minecraft:azalea":2,"minecraft:stone":143,"minecraft:oak_leaves":59},"minecraft:crafted":{"minecraft:oak_slab":48,"minecraft:oak_planks":128,"minecraft:stone_axe":4,"minecraft:stick":40,"minecraft:stone_pickaxe":6,"minecraft:chest":1,"minecraft:torch":8}},"DataVersion":3120}