{"stats":{"minecraft:picked_up":{"minecraft:wooden_axe":1,"minecraft:oak_log":5,"minecraft:moss_block":2,"minecraft:dirt":6},"minecraft:custom":{"minecraft:time_since_rest":2912,"minecraft:crouch_one_cm":6996,"minecraft:deaths":6,"minecraft:play_time":5186,"minecraft:damage_taken":3090,"minecraft:walk_one_cm":3958,"minecraft:sneak_time":2632,"minecraft:drop":2,"minecraft:jump":6,"minecraft:damage_dealt":20,"minecraft:leave_game":1,"minecraft:time_since_death":2883,"minecraft:total_world_time":5186,"minecraft:talked_to_villager":2,"minecraft:player_kills":1,"minecraft:fall_one_cm":16171,"minecraft:fly_one_cm":727},"minecraft:killed_by":{"minecraft:player":5},"minecraft:dropped":{"minecraft:oak_planks":16,"minecraft:dirt":2},"minecraft:used":{"minecraft:wooden_axe":2,"minecraft:moss_block":2,"minecraft:dirt":4},"minecraft:mined":{"minecraft:grass_block":9,"minecraft:oak_log":5,"minecraft:mud":2,"minecraft:fire":2,"minecraft:moss_block":3,"minecraft:oak_leaves":3},"minecraft:crafted":{"minecraft:oak_planks":16}},"DataVersion":3120}