{"stats":{"minecraft:broken":{"minecraft:wooden_pickaxe":1,"minecraft:stone_pickaxe":2},"minecraft:picked_up":{"minecraft:wooden_axe":3,"minecraft:mud":39,"minecraft:wooden_pickaxe":3,"minecraft:oak_log":73,"minecraft:spruce_sapling":5,"minecraft:dirt":120,"minecraft:moss_carpet":4,"minecraft:stone_axe":2,"minecraft:wheat_seeds":6,"minecraft:stick":4,"minecraft:stone_pickaxe":2,"minecraft:cooked_chicken":4,"minecraft:azalea":2,"minecraft:wooden_shovel":1,"minecraft:oak_sapling":2,"minecraft:moss_block":68,"minecraft:raw_iron":18,"minecraft:oak_planks":7,"minecraft:coal":18,"minecraft:cobblestone":113,"minecraft:oak_slab":1},"minecraft:custom":{"minecraft:time_since_rest":4537,"minecraft:sprint_one_cm":120348,"minecraft:damage_taken":7070,"minecraft:walk_one_cm":98357,"minecraft:mob_kills":1,"minecraft:drop":4,"minecraft:damage_dealt":48,"minecraft:talked_to_villager":16,"minecraft:interact_with_crafting_table":9,"minecraft:fly_one_cm":136775,"minecraft:player_kills":1,"minecraft:open_chest":45,"minecraft:crouch_one_cm":76690,"minecraft:play_time":65186,"minecraft:deaths":19,"minecraft:sneak_time":27700,"minecraft:jump":510,"minecraft:leave_game":1,"minecraft:time_since_death":4509,"minecraft:total_world_time":65186,"minecraft:fall_one_cm":41700,"minecraft:interact_with_furnace":6},"minecraft:killed_by":{"skinwalker_overhaul:skinwalker_overhaul":3,"minecraft:player":6,"kim_dweller:kim_dweller":1,"the_mangle:the_mangle":3,"jacky:jacky":1,"torture:torture":1},"minecraft:dropped":{"minecraft:dirt":2,"minecraft:oak_slab":24,"minecraft:oak_planks":16,"minecraft:mud":1},"minecraft:used":{"minecraft:azalea":3,"minecraft:oak_log":2,"minecraft:moss_block":22,"minecraft:mud":12,"minecraft:wooden_axe":18,"minecraft:moss_carpet":2,"minecraft:stone_pickaxe":290,"minecraft:oak_planks":35,"minecraft:chest":1,"minecraft:wooden_pickaxe":4,"minecraft:cooked_chicken":1,"minecraft:torch":8,"minecraft:stone_axe":79,"minecraft:dirt":40,"minecraft:cobblestone":9,"minecraft:oak_slab":25,"minecraft:oak_sapling":1},"minecraft:mined":{"minecraft:oak_slab":2,"minecraft:mud":40,"minecraft:iron_ore":20,"minecraft:fire":8,"minecraft:moss_carpet":5,"minecraft:coal_ore":20,"minecraft:oak_log":75,"minecraft:grass_block":126,"minecraft:dirt":10,"minecraft:azalea":2,"minecraft:spruce_leaves":46,"minecraft:stone":129,"minecraft:oak_planks":1,"minecraft:moss_block":81,"minecraft:oak_leaves":57},"minecraft:crafted":{"minecraft:oak_slab":48,"minecraft:oak_planks":120,"minecraft:stick":40,"minecraft:stone_pickaxe":5,"minecraft:chest":1,"minecraft:torch":8,"minecraft:stone_axe":3}},"DataVersion":3120}