{"stats":{"minecraft:picked_up":{"minecraft:wooden_axe":3,"minecraft:mud":60,"minecraft:iron_chestplate":2,"minecraft:clay_ball":32,"minecraft:andesite":9,"minecraft:wooden_pickaxe":3,"minecraft:oak_log":127,"minecraft:shield":2,"minecraft:dirt":201,"minecraft:string":4,"minecraft:moss_carpet":6,"minecraft:iron_axe":1,"minecraft:iron_leggings":1,"minecraft:bone":6,"minecraft:apple":1,"minecraft:bow":1,"minecraft:wheat_seeds":6,"minecraft:iron_ingot":16,"minecraft:stone_pickaxe":4,"minecraft:cooked_chicken":4,"decayingmobsbackport:eyeball":4,"minecraft:azalea":2,"minecraft:wooden_shovel":1,"minecraft:iron_pickaxe":3,"minecraft:moss_block":109,"minecraft:oak_planks":41,"minecraft:egg":3,"minecraft:oak_slab":4,"minecraft:stick":20,"minecraft:raw_iron":58,"minecraft:torch":3,"minecraft:spruce_sapling":29,"minecraft:diorite":13,"minecraft:white_bed":4,"minecraft:spruce_log":52,"minecraft:rotten_flesh":3,"minecraft:slime_ball":1,"minecraft:stone_axe":7,"minecraft:granite":9,"minecraft:oak_sapling":12,"minecraft:cod":1,"minecraft:coal":71,"minecraft:cobblestone":212},"minecraft:killed_by":{"decayingmobsbackport:weeping_chaser":4,"skinwalker_overhaul:skinwalker_overhaul":4,"minecraft:player":6,"screaming_villager:screaming_villager":1,"torture:torture":2,"jacky:jacky":1,"the_mangle:the_mangle":4,"kim_dweller:kim_dweller":2,"decayingmobsbackport:limb_snatcher":6,"facelesssteve:facelesszombie":1},"minecraft:mined":{"minecraft:oak_slab":6,"minecraft:white_bed":1,"minecraft:clay":9,"minecraft:torch":2,"minecraft:granite":9,"minecraft:grass_block":179,"minecraft:spruce_leaves":95,"minecraft:moss_block":123,"minecraft:oak_planks":13,"minecraft:diorite":13,"minecraft:spruce_sapling":1,"minecraft:mud":58,"minecraft:iron_ore":47,"minecraft:fire":12,"minecraft:spruce_log":52,"minecraft:andesite":7,"minecraft:moss_carpet":7,"minecraft:coal_ore":64,"minecraft:oak_log":128,"minecraft:dirt":19,"minecraft:azalea":2,"minecraft:stone":223,"minecraft:oak_leaves":91},"minecraft:dropped":{"minecraft:iron_ingot":16,"minecraft:stone_axe":1,"minecraft:oak_slab":24,"decayingmobsbackport:eyeball":1,"minecraft:oak_log":1,"minecraft:raw_iron":1,"minecraft:oak_planks":16,"minecraft:cod":1,"minecraft:stick":1,"minecraft:dirt":23,"gravestone:obituary":1,"minecraft:iron_axe":1,"minecraft:mud":1,"minecraft:stone_pickaxe":1,"minecraft:iron_pickaxe":2},"minecraft:used":{"minecraft:azalea":3,"minecraft:moss_block":41,"minecraft:moss_carpet":3,"minecraft:stone_shovel":5,"minecraft:stone_pickaxe":421,"minecraft:oak_planks":104,"minecraft:chest":1,"minecraft:wooden_pickaxe":4,"minecraft:shield":1,"minecraft:cooked_chicken":1,"decayingmobsbackport:eyeball":1,"minecraft:iron_chestplate":2,"minecraft:torch":20,"minecraft:dirt":66,"minecraft:oak_slab":26,"minecraft:white_bed":3,"minecraft:spruce_log":7,"minecraft:wooden_axe":18,"minecraft:mud":13,"minecraft:oak_log":2,"minecraft:iron_axe":50,"minecraft:iron_pickaxe":151,"minecraft:spruce_sapling":15,"minecraft:stone_axe":154,"minecraft:cobblestone":11,"minecraft:bow":1,"minecraft:oak_sapling":7,"minecraft:oak_boat":1,"minecraft:egg":3,"minecraft:iron_leggings":1},"minecraft:crafted":{"minecraft:oak_slab":48,"minecraft:oak_planks":144,"minecraft:cobblestone_slab":48,"minecraft:stone_axe":5,"minecraft:oak_boat":1,"minecraft:iron_axe":2,"minecraft:stick":40,"minecraft:iron_pickaxe":1,"minecraft:stone_pickaxe":8,"minecraft:chest":1,"minecraft:torch":20,"minecraft:carrot":8},"minecraft:custom":{"minecraft:interact_with_furnace":9,"minecraft:mob_kills":18,"minecraft:traded_with_villager":2,"minecraft:interact_with_crafting_table":20,"minecraft:leave_game":5,"minecraft:time_since_death":2426,"minecraft:sleep_in_bed":1,"minecraft:time_since_rest":3700,"minecraft:sprint_one_cm":348730,"minecraft:damage_taken":13966,"minecraft:walk_one_cm":253857,"minecraft:damage_blocked_by_shield":150,"minecraft:drop":17,"minecraft:damage_dealt":1194,"minecraft:player_kills":1,"minecraft:fly_one_cm":371966,"minecraft:talked_to_villager":30,"minecraft:open_chest":134,"minecraft:crouch_one_cm":126623,"minecraft:play_time":145696,"minecraft:deaths":44,"minecraft:sneak_time":44594,"minecraft:boat_one_cm":10610,"minecraft:jump":1530,"minecraft:total_world_time":145696,"minecraft:fall_one_cm":66690},"minecraft:killed":{"minecraft:spider":2,"decayingmobsbackport:half_pig":1,"decayingmobsbackport:eye":3,"minecraft:creeper":1,"decayingmobsbackport:hunted_zombie":1,"facelesssteve:facelesszombie":1,"decayingmobsbackport:limb_snatcher_victim":3},"minecraft:broken":{"minecraft:stone_pickaxe":2,"minecraft:iron_pickaxe":1,"minecraft:wooden_pickaxe":1}},"DataVersion":3120}