{"stats":{"minecraft:broken":{"minecraft:wooden_pickaxe":1},"minecraft:picked_up":{"minecraft:wooden_axe":3,"minecraft:mud":27,"minecraft:wooden_pickaxe":3,"minecraft:oak_log":42,"minecraft:spruce_sapling":1,"minecraft:dirt":67,"minecraft:moss_carpet":4,"minecraft:stone_axe":2,"minecraft:cooked_chicken":4,"minecraft:azalea":2,"minecraft:wooden_shovel":1,"minecraft:oak_sapling":2,"minecraft:moss_block":32,"minecraft:oak_planks":7,"minecraft:cobblestone":40,"minecraft:oak_slab":1},"minecraft:custom":{"minecraft:time_since_rest":5641,"minecraft:sprint_one_cm":70418,"minecraft:damage_taken":5466,"minecraft:walk_one_cm":63138,"minecraft:mob_kills":1,"minecraft:drop":4,"minecraft:damage_dealt":48,"minecraft:talked_to_villager":13,"minecraft:interact_with_crafting_table":5,"minecraft:fly_one_cm":75296,"minecraft:player_kills":1,"minecraft:open_chest":21,"minecraft:crouch_one_cm":53100,"minecraft:play_time":41186,"minecraft:deaths":14,"minecraft:sneak_time":18188,"minecraft:jump":298,"minecraft:leave_game":1,"minecraft:time_since_death":5608,"minecraft:total_world_time":41186,"minecraft:fall_one_cm":29839,"minecraft:interact_with_furnace":1},"minecraft:killed_by":{"skinwalker_overhaul:skinwalker_overhaul":2,"minecraft:player":6,"kim_dweller:kim_dweller":1,"the_mangle:the_mangle":2},"minecraft:dropped":{"minecraft:dirt":2,"minecraft:oak_slab":24,"minecraft:oak_planks":16,"minecraft:mud":1},"minecraft:used":{"minecraft:azalea":3,"minecraft:oak_log":2,"minecraft:moss_block":19,"minecraft:mud":12,"minecraft:wooden_axe":18,"minecraft:moss_carpet":2,"minecraft:stone_pickaxe":66,"minecraft:oak_planks":35,"minecraft:wooden_pickaxe":4,"minecraft:stone_axe":37,"minecraft:dirt":31,"minecraft:cobblestone":7,"minecraft:oak_slab":25,"minecraft:oak_sapling":1},"minecraft:mined":{"minecraft:oak_slab":2,"minecraft:mud":28,"minecraft:fire":6,"minecraft:moss_carpet":5,"minecraft:oak_log":43,"minecraft:grass_block":70,"minecraft:dirt":8,"minecraft:azalea":2,"minecraft:spruce_leaves":21,"minecraft:stone":45,"minecraft:oak_planks":1,"minecraft:moss_block":42,"minecraft:oak_leaves":26},"minecraft:crafted":{"minecraft:oak_slab":48,"minecraft:oak_planks":100,"minecraft:stick":16,"minecraft:stone_pickaxe":3,"minecraft:stone_axe":2}},"DataVersion":3120}