{"stats":{"minecraft:broken":{"minecraft:stone_pickaxe":2,"minecraft:wooden_pickaxe":1},"minecraft:picked_up":{"minecraft:wooden_axe":3,"minecraft:mud":49,"minecraft:iron_chestplate":2,"minecraft:wooden_pickaxe":3,"minecraft:oak_log":91,"minecraft:shield":2,"minecraft:dirt":176,"minecraft:string":4,"minecraft:moss_carpet":6,"minecraft:iron_leggings":1,"minecraft:bone":4,"minecraft:bow":1,"minecraft:wheat_seeds":6,"minecraft:iron_ingot":16,"minecraft:stone_pickaxe":4,"minecraft:cooked_chicken":4,"minecraft:iron_pickaxe":1,"minecraft:azalea":2,"minecraft:wooden_shovel":1,"minecraft:moss_block":88,"minecraft:oak_planks":16,"minecraft:egg":2,"minecraft:oak_slab":4,"minecraft:stick":14,"minecraft:raw_iron":44,"minecraft:torch":1,"minecraft:spruce_sapling":21,"minecraft:white_bed":4,"minecraft:spruce_log":38,"minecraft:rotten_flesh":3,"minecraft:slime_ball":1,"minecraft:stone_axe":6,"minecraft:oak_sapling":8,"minecraft:cod":1,"minecraft:coal":49,"minecraft:cobblestone":173},"minecraft:killed":{"minecraft:spider":2,"minecraft:creeper":1,"facelesssteve:facelesszombie":1,"decayingmobsbackport:limb_snatcher_victim":1},"minecraft:custom":{"minecraft:interact_with_furnace":8,"minecraft:mob_kills":6,"minecraft:traded_with_villager":2,"minecraft:interact_with_crafting_table":14,"minecraft:leave_game":3,"minecraft:time_since_death":1511,"minecraft:sleep_in_bed":1,"minecraft:time_since_rest":1543,"minecraft:sprint_one_cm":245669,"minecraft:damage_taken":11183,"minecraft:walk_one_cm":175494,"minecraft:damage_blocked_by_shield":150,"minecraft:drop":8,"minecraft:damage_dealt":762,"minecraft:talked_to_villager":23,"minecraft:fly_one_cm":275327,"minecraft:player_kills":1,"minecraft:open_chest":94,"minecraft:crouch_one_cm":111383,"minecraft:play_time":108147,"minecraft:deaths":33,"minecraft:sneak_time":38802,"minecraft:jump":1091,"minecraft:total_world_time":108147,"minecraft:fall_one_cm":58146},"minecraft:killed_by":{"decayingmobsbackport:weeping_chaser":3,"skinwalker_overhaul:skinwalker_overhaul":4,"minecraft:player":6,"screaming_villager:screaming_villager":1,"torture:torture":2,"jacky:jacky":1,"kim_dweller:kim_dweller":2,"the_mangle:the_mangle":4,"decayingmobsbackport:limb_snatcher":2,"facelesssteve:facelesszombie":1},"minecraft:dropped":{"minecraft:iron_ingot":16,"minecraft:oak_slab":24,"minecraft:oak_planks":16,"minecraft:cod":1,"minecraft:stick":1,"minecraft:dirt":23,"minecraft:mud":1},"minecraft:used":{"minecraft:moss_block":41,"minecraft:azalea":3,"minecraft:moss_carpet":3,"minecraft:stone_shovel":5,"minecraft:stone_pickaxe":420,"minecraft:oak_planks":103,"minecraft:wooden_pickaxe":4,"minecraft:chest":1,"minecraft:shield":1,"minecraft:cooked_chicken":1,"minecraft:iron_chestplate":2,"minecraft:torch":8,"minecraft:dirt":54,"minecraft:oak_slab":26,"minecraft:white_bed":3,"minecraft:spruce_log":5,"minecraft:wooden_axe":18,"minecraft:oak_log":2,"minecraft:mud":13,"minecraft:iron_pickaxe":3,"minecraft:spruce_sapling":12,"minecraft:stone_axe":154,"minecraft:cobblestone":9,"minecraft:oak_sapling":5,"minecraft:egg":2,"minecraft:iron_leggings":1},"minecraft:mined":{"minecraft:oak_slab":6,"minecraft:white_bed":1,"minecraft:grass_block":156,"minecraft:spruce_leaves":83,"minecraft:moss_block":102,"minecraft:oak_planks":12,"minecraft:spruce_sapling":1,"minecraft:mud":48,"minecraft:iron_ore":37,"minecraft:fire":8,"minecraft:spruce_log":38,"minecraft:moss_carpet":7,"minecraft:oak_log":89,"minecraft:coal_ore":44,"minecraft:dirt":11,"minecraft:azalea":2,"minecraft:stone":188,"minecraft:oak_leaves":67},"minecraft:crafted":{"minecraft:oak_planks":144,"minecraft:oak_slab":48,"minecraft:stone_axe":5,"minecraft:stick":40,"minecraft:stone_pickaxe":8,"minecraft:chest":1,"minecraft:torch":8,"minecraft:carrot":8}},"DataVersion":3120}