{"stats":{"minecraft:broken":{"minecraft:stone_pickaxe":2,"minecraft:wooden_pickaxe":1},"minecraft:picked_up":{"minecraft:wooden_axe":3,"minecraft:mud":43,"minecraft:wooden_pickaxe":3,"minecraft:oak_log":82,"minecraft:shield":2,"minecraft:dirt":160,"minecraft:string":4,"minecraft:moss_carpet":6,"minecraft:bone":2,"minecraft:bow":1,"minecraft:wheat_seeds":6,"minecraft:iron_ingot":16,"minecraft:stone_pickaxe":3,"minecraft:cooked_chicken":4,"minecraft:azalea":2,"minecraft:wooden_shovel":1,"minecraft:moss_block":82,"minecraft:oak_planks":16,"minecraft:egg":1,"minecraft:oak_slab":4,"minecraft:stick":13,"minecraft:raw_iron":39,"minecraft:torch":1,"minecraft:spruce_sapling":19,"minecraft:white_bed":4,"minecraft:spruce_log":38,"minecraft:rotten_flesh":3,"minecraft:slime_ball":1,"minecraft:stone_axe":6,"minecraft:oak_sapling":7,"minecraft:cod":1,"minecraft:coal":36,"minecraft:cobblestone":141},"minecraft:killed":{"minecraft:spider":2,"minecraft:creeper":1,"facelesssteve:facelesszombie":1},"minecraft:custom":{"minecraft:interact_with_furnace":7,"minecraft:mob_kills":5,"minecraft:traded_with_villager":2,"minecraft:interact_with_crafting_table":13,"minecraft:leave_game":3,"minecraft:time_since_death":7318,"minecraft:sleep_in_bed":1,"minecraft:time_since_rest":7351,"minecraft:sprint_one_cm":210703,"minecraft:damage_taken":9589,"minecraft:walk_one_cm":154298,"minecraft:damage_blocked_by_shield":150,"minecraft:drop":8,"minecraft:damage_dealt":724,"minecraft:talked_to_villager":23,"minecraft:fly_one_cm":233533,"minecraft:player_kills":1,"minecraft:open_chest":78,"minecraft:crouch_one_cm":100178,"minecraft:play_time":96147,"minecraft:deaths":28,"minecraft:sneak_time":34357,"minecraft:jump":927,"minecraft:total_world_time":96147,"minecraft:fall_one_cm":54914},"minecraft:killed_by":{"decayingmobsbackport:weeping_chaser":2,"skinwalker_overhaul:skinwalker_overhaul":3,"minecraft:player":6,"screaming_villager:screaming_villager":1,"torture:torture":2,"jacky:jacky":1,"kim_dweller:kim_dweller":1,"the_mangle:the_mangle":4,"facelesssteve:facelesszombie":1},"minecraft:dropped":{"minecraft:iron_ingot":16,"minecraft:oak_slab":24,"minecraft:oak_planks":16,"minecraft:cod":1,"minecraft:stick":1,"minecraft:dirt":23,"minecraft:mud":1},"minecraft:used":{"minecraft:moss_block":41,"minecraft:azalea":3,"minecraft:moss_carpet":3,"minecraft:stone_shovel":5,"minecraft:stone_pickaxe":370,"minecraft:oak_planks":87,"minecraft:wooden_pickaxe":4,"minecraft:chest":1,"minecraft:shield":1,"minecraft:cooked_chicken":1,"minecraft:torch":8,"minecraft:dirt":53,"minecraft:oak_slab":26,"minecraft:white_bed":3,"minecraft:spruce_log":5,"minecraft:wooden_axe":18,"minecraft:oak_log":2,"minecraft:mud":13,"minecraft:spruce_sapling":11,"minecraft:stone_axe":144,"minecraft:cobblestone":9,"minecraft:oak_sapling":4,"minecraft:egg":1},"minecraft:mined":{"minecraft:oak_slab":6,"minecraft:white_bed":1,"minecraft:grass_block":139,"minecraft:spruce_leaves":74,"minecraft:moss_block":93,"minecraft:oak_planks":12,"minecraft:mud":44,"minecraft:iron_ore":34,"minecraft:fire":8,"minecraft:spruce_log":38,"minecraft:moss_carpet":7,"minecraft:oak_log":80,"minecraft:coal_ore":34,"minecraft:dirt":11,"minecraft:azalea":2,"minecraft:stone":158,"minecraft:oak_leaves":64},"minecraft:crafted":{"minecraft:oak_planks":128,"minecraft:oak_slab":48,"minecraft:stone_axe":5,"minecraft:stick":40,"minecraft:stone_pickaxe":7,"minecraft:chest":1,"minecraft:torch":8,"minecraft:carrot":8}},"DataVersion":3120}