{"stats":{"minecraft:picked_up":{"minecraft:wooden_axe":3,"minecraft:mud":68,"minecraft:iron_chestplate":2,"minecraft:clay_ball":40,"minecraft:andesite":14,"minecraft:wooden_pickaxe":3,"minecraft:oak_log":191,"minecraft:shield":2,"minecraft:raw_copper":17,"minecraft:dirt":228,"minecraft:string":4,"minecraft:moss_carpet":6,"minecraft:iron_axe":1,"minecraft:iron_leggings":1,"minecraft:bone":6,"minecraft:apple":1,"minecraft:bow":1,"minecraft:wheat_seeds":6,"minecraft:raw_gold":6,"minecraft:oak_boat":3,"minecraft:iron_ingot":24,"minecraft:stone_pickaxe":4,"minecraft:cooked_chicken":4,"decayingmobsbackport:eyeball":4,"minecraft:azalea":2,"minecraft:wooden_shovel":1,"minecraft:iron_pickaxe":4,"minecraft:chest":2,"minecraft:moss_block":117,"minecraft:oak_planks":41,"minecraft:egg":3,"minecraft:oak_slab":4,"minecraft:stick":26,"minecraft:raw_iron":68,"minecraft:torch":3,"minecraft:spruce_sapling":30,"minecraft:diorite":17,"minecraft:white_bed":4,"minecraft:spruce_log":52,"minecraft:redstone":33,"minecraft:rotten_flesh":3,"minecraft:slime_ball":1,"minecraft:stone_axe":7,"minecraft:granite":15,"minecraft:oak_sapling":19,"minecraft:cod":1,"minecraft:coal":78,"minecraft:cobblestone":235},"minecraft:killed_by":{"decayingmobsbackport:weeping_chaser":5,"skinwalker_overhaul:skinwalker_overhaul":4,"minecraft:player":6,"screaming_villager:screaming_villager":1,"torture:torture":2,"jacky:jacky":2,"the_mangle:the_mangle":4,"kim_dweller:kim_dweller":2,"decayingmobsbackport:limb_snatcher":6,"facelesssteve:facelesszombie":1},"minecraft:mined":{"minecraft:oak_slab":6,"minecraft:white_bed":1,"gravestone:gravestone":4,"minecraft:clay":11,"minecraft:torch":2,"minecraft:granite":15,"minecraft:grass_block":202,"minecraft:chest":2,"minecraft:redstone_wire":2,"minecraft:deepslate_coal_ore":2,"minecraft:cobblestone":2,"minecraft:copper_ore":5,"minecraft:spruce_leaves":103,"minecraft:moss_block":136,"minecraft:oak_planks":16,"minecraft:diorite":17,"minecraft:redstone_ore":7,"minecraft:spruce_sapling":1,"minecraft:mud":66,"minecraft:iron_ore":57,"minecraft:fire":12,"minecraft:spruce_log":52,"minecraft:andesite":12,"minecraft:moss_carpet":7,"minecraft:coal_ore":69,"minecraft:oak_log":195,"minecraft:dirt":23,"minecraft:azalea":2,"minecraft:stone":243,"minecraft:gold_ore":6,"minecraft:oak_leaves":149},"minecraft:dropped":{"minecraft:iron_ingot":16,"minecraft:stone_axe":1,"minecraft:oak_slab":24,"decayingmobsbackport:eyeball":1,"minecraft:oak_log":1,"minecraft:raw_iron":1,"minecraft:cobblestone":1,"minecraft:oak_planks":16,"minecraft:cod":1,"minecraft:stick":1,"minecraft:dirt":23,"gravestone:obituary":4,"minecraft:iron_axe":1,"minecraft:mud":1,"minecraft:stone_pickaxe":2,"minecraft:iron_pickaxe":2,"minecraft:redstone":1},"minecraft:used":{"minecraft:azalea":3,"minecraft:moss_block":42,"minecraft:moss_carpet":3,"minecraft:diorite":1,"minecraft:redstone":10,"minecraft:stone_shovel":5,"minecraft:stone_pickaxe":434,"minecraft:oak_planks":116,"minecraft:chest":6,"minecraft:wooden_pickaxe":4,"minecraft:shield":1,"minecraft:iron_sword":3,"minecraft:cooked_chicken":1,"decayingmobsbackport:eyeball":1,"minecraft:iron_chestplate":2,"minecraft:torch":20,"minecraft:dirt":79,"minecraft:oak_slab":26,"minecraft:white_bed":3,"minecraft:granite":3,"minecraft:spruce_log":7,"minecraft:wooden_axe":18,"minecraft:mud":15,"minecraft:oak_log":12,"minecraft:iron_axe":129,"minecraft:iron_pickaxe":238,"minecraft:spruce_sapling":15,"minecraft:stone_axe":154,"minecraft:cobblestone":15,"minecraft:bow":1,"minecraft:oak_sapling":11,"minecraft:andesite":2,"minecraft:oak_boat":4,"minecraft:egg":3,"minecraft:iron_leggings":1},"minecraft:crafted":{"minecraft:oak_slab":48,"minecraft:oak_planks":196,"minecraft:cobblestone_slab":48,"minecraft:stone_axe":5,"minecraft:air":0,"minecraft:oak_boat":1,"minecraft:iron_axe":2,"minecraft:stick":40,"minecraft:iron_ingot":10,"minecraft:iron_pickaxe":1,"minecraft:stone_pickaxe":9,"minecraft:chest":4,"minecraft:torch":20,"minecraft:carrot":8},"minecraft:custom":{"minecraft:interact_with_furnace":14,"minecraft:mob_kills":28,"minecraft:traded_with_villager":2,"minecraft:interact_with_crafting_table":27,"minecraft:leave_game":5,"minecraft:time_since_death":4392,"minecraft:sleep_in_bed":1,"minecraft:time_since_rest":4424,"minecraft:sprint_one_cm":402340,"minecraft:damage_taken":15519,"minecraft:walk_one_cm":305779,"minecraft:damage_blocked_by_shield":150,"minecraft:drop":23,"minecraft:damage_dealt":2157,"minecraft:player_kills":1,"minecraft:fly_one_cm":406278,"minecraft:talked_to_villager":30,"minecraft:open_chest":153,"minecraft:crouch_one_cm":147349,"minecraft:play_time":169696,"minecraft:deaths":47,"minecraft:sneak_time":51514,"minecraft:boat_one_cm":10610,"minecraft:jump":1746,"minecraft:total_world_time":169696,"minecraft:fall_one_cm":75779},"minecraft:killed":{"minecraft:spider":3,"decayingmobsbackport:half_pig":6,"decayingmobsbackport:eye":3,"minecraft:creeper":1,"decayingmobsbackport:hunted_zombie":3,"facelesssteve:facelesszombie":1,"decayingmobsbackport:limb_snatcher_victim":3},"minecraft:broken":{"minecraft:stone_pickaxe":2,"minecraft:iron_pickaxe":1,"minecraft:wooden_pickaxe":1}},"DataVersion":3120}