{"stats":{"minecraft:broken":{"minecraft:wooden_pickaxe":1},"minecraft:picked_up":{"minecraft:wooden_axe":3,"minecraft:mud":16,"minecraft:wooden_pickaxe":3,"minecraft:oak_log":24,"minecraft:dirt":46,"minecraft:moss_carpet":2,"minecraft:cooked_chicken":2,"minecraft:wooden_shovel":1,"minecraft:oak_sapling":2,"minecraft:moss_block":21,"minecraft:oak_planks":5,"minecraft:cobblestone":16},"minecraft:custom":{"minecraft:time_since_rest":3443,"minecraft:sprint_one_cm":40508,"minecraft:damage_taken":4489,"minecraft:walk_one_cm":40039,"minecraft:mob_kills":1,"minecraft:drop":4,"minecraft:damage_dealt":48,"minecraft:talked_to_villager":8,"minecraft:interact_with_crafting_table":4,"minecraft:fly_one_cm":50527,"minecraft:player_kills":1,"minecraft:open_chest":10,"minecraft:crouch_one_cm":38293,"minecraft:play_time":29186,"minecraft:deaths":11,"minecraft:sneak_time":13863,"minecraft:jump":199,"minecraft:leave_game":1,"minecraft:time_since_death":3415,"minecraft:total_world_time":29186,"minecraft:fall_one_cm":24481},"minecraft:killed_by":{"skinwalker_overhaul:skinwalker_overhaul":1,"minecraft:player":5,"kim_dweller:kim_dweller":1,"the_mangle:the_mangle":1},"minecraft:dropped":{"minecraft:dirt":2,"minecraft:oak_slab":24,"minecraft:oak_planks":16,"minecraft:mud":1},"minecraft:used":{"minecraft:oak_log":1,"minecraft:moss_block":17,"minecraft:mud":10,"minecraft:wooden_axe":18,"minecraft:stone_pickaxe":20,"minecraft:oak_planks":19,"minecraft:wooden_pickaxe":4,"minecraft:stone_axe":3,"minecraft:dirt":30,"minecraft:cobblestone":3,"minecraft:oak_slab":24,"minecraft:oak_sapling":1},"minecraft:mined":{"minecraft:mud":17,"minecraft:fire":3,"minecraft:moss_carpet":3,"minecraft:oak_log":25,"minecraft:grass_block":49,"minecraft:dirt":8,"minecraft:spruce_leaves":14,"minecraft:stone":20,"minecraft:oak_planks":1,"minecraft:moss_block":30,"minecraft:oak_leaves":16},"minecraft:crafted":{"minecraft:oak_slab":48,"minecraft:oak_planks":68,"minecraft:stick":12,"minecraft:stone_pickaxe":2,"minecraft:stone_axe":2}},"DataVersion":3120}