{"stats":{"minecraft:broken":{"minecraft:stone_pickaxe":2,"minecraft:wooden_pickaxe":1},"minecraft:picked_up":{"minecraft:wooden_axe":3,"minecraft:mud":42,"minecraft:wooden_pickaxe":3,"minecraft:oak_log":81,"minecraft:shield":2,"minecraft:string":2,"minecraft:dirt":135,"minecraft:moss_carpet":6,"minecraft:bone":2,"minecraft:bow":1,"minecraft:wheat_seeds":6,"minecraft:iron_ingot":16,"minecraft:stone_pickaxe":3,"minecraft:cooked_chicken":4,"minecraft:azalea":2,"minecraft:wooden_shovel":1,"minecraft:moss_block":79,"minecraft:oak_planks":15,"minecraft:egg":1,"minecraft:oak_slab":1,"minecraft:stick":9,"minecraft:raw_iron":38,"minecraft:spruce_sapling":14,"minecraft:white_bed":3,"minecraft:rotten_flesh":1,"minecraft:stone_axe":4,"minecraft:oak_sapling":5,"minecraft:coal":35,"minecraft:cod":1,"minecraft:cobblestone":141},"minecraft:custom":{"minecraft:interact_with_furnace":7,"minecraft:mob_kills":1,"minecraft:traded_with_villager":2,"minecraft:interact_with_crafting_table":12,"minecraft:leave_game":2,"minecraft:time_since_death":225,"minecraft:sleep_in_bed":1,"minecraft:sprint_one_cm":172513,"minecraft:time_since_rest":290,"minecraft:damage_taken":8483,"minecraft:walk_one_cm":131565,"minecraft:damage_blocked_by_shield":150,"minecraft:drop":7,"minecraft:damage_dealt":48,"minecraft:talked_to_villager":22,"minecraft:fly_one_cm":215096,"minecraft:player_kills":1,"minecraft:open_chest":66,"minecraft:crouch_one_cm":89234,"minecraft:play_time":85069,"minecraft:deaths":24,"minecraft:sneak_time":31593,"minecraft:jump":842,"minecraft:total_world_time":85069,"minecraft:fall_one_cm":53753},"minecraft:killed_by":{"skinwalker_overhaul:skinwalker_overhaul":3,"minecraft:player":6,"screaming_villager:screaming_villager":1,"torture:torture":2,"jacky:jacky":1,"kim_dweller:kim_dweller":1,"the_mangle:the_mangle":3,"facelesssteve:facelesszombie":1},"minecraft:dropped":{"minecraft:iron_ingot":16,"minecraft:oak_slab":24,"minecraft:oak_planks":16,"minecraft:cod":1,"minecraft:stick":1,"minecraft:dirt":2,"minecraft:mud":1},"minecraft:used":{"minecraft:moss_block":40,"minecraft:azalea":3,"minecraft:moss_carpet":3,"minecraft:stone_shovel":5,"minecraft:stone_pickaxe":369,"minecraft:oak_planks":86,"minecraft:shield":1,"minecraft:chest":1,"minecraft:wooden_pickaxe":4,"minecraft:cooked_chicken":1,"minecraft:torch":8,"minecraft:dirt":44,"minecraft:oak_slab":25,"minecraft:white_bed":3,"minecraft:oak_log":2,"minecraft:mud":13,"minecraft:wooden_axe":18,"minecraft:spruce_sapling":8,"minecraft:stone_axe":96,"minecraft:cobblestone":9,"minecraft:oak_sapling":4,"minecraft:egg":1},"minecraft:mined":{"minecraft:oak_slab":2,"minecraft:white_bed":1,"minecraft:grass_block":139,"minecraft:spruce_leaves":64,"minecraft:moss_block":91,"minecraft:oak_planks":9,"minecraft:mud":43,"minecraft:iron_ore":34,"minecraft:fire":8,"minecraft:moss_carpet":7,"minecraft:oak_log":80,"minecraft:coal_ore":33,"minecraft:dirt":10,"minecraft:azalea":2,"minecraft:stone":158,"minecraft:oak_leaves":64},"minecraft:crafted":{"minecraft:oak_planks":128,"minecraft:oak_slab":48,"minecraft:stone_axe":5,"minecraft:stick":40,"minecraft:stone_pickaxe":6,"minecraft:chest":1,"minecraft:torch":8,"minecraft:carrot":8}},"DataVersion":3120}