{"stats":{"minecraft:picked_up":{"minecraft:wooden_axe":2,"minecraft:mud":12,"minecraft:wooden_pickaxe":2,"minecraft:oak_log":15,"minecraft:dirt":26,"minecraft:wooden_shovel":1,"minecraft:oak_sapling":1,"minecraft:moss_block":13,"minecraft:oak_planks":5},"minecraft:custom":{"minecraft:time_since_rest":6377,"minecraft:sprint_one_cm":16664,"minecraft:damage_taken":3708,"minecraft:walk_one_cm":22955,"minecraft:mob_kills":1,"minecraft:drop":4,"minecraft:damage_dealt":48,"minecraft:talked_to_villager":6,"minecraft:interact_with_crafting_table":1,"minecraft:fly_one_cm":20003,"minecraft:player_kills":1,"minecraft:crouch_one_cm":26345,"minecraft:play_time":17186,"minecraft:deaths":8,"minecraft:sneak_time":9662,"minecraft:jump":76,"minecraft:leave_game":1,"minecraft:time_since_death":6289,"minecraft:total_world_time":17186,"minecraft:fall_one_cm":16171},"minecraft:killed_by":{"minecraft:player":5,"kim_dweller:kim_dweller":1,"the_mangle:the_mangle":1},"minecraft:dropped":{"minecraft:dirt":2,"minecraft:oak_slab":24,"minecraft:oak_planks":16,"minecraft:mud":1},"minecraft:used":{"minecraft:moss_block":11,"minecraft:mud":10,"minecraft:wooden_axe":18,"minecraft:oak_planks":19,"minecraft:dirt":19,"minecraft:oak_slab":24,"minecraft:oak_sapling":1},"minecraft:mined":{"minecraft:mud":10,"minecraft:fire":3,"minecraft:oak_log":14,"minecraft:grass_block":32,"minecraft:spruce_leaves":7,"minecraft:oak_planks":1,"minecraft:moss_block":14,"minecraft:oak_leaves":9},"minecraft:crafted":{"minecraft:oak_slab":48,"minecraft:oak_planks":60}},"DataVersion":3120}